filename,label
Image_1.jpg,PEACOCK
Image_2.jpg,ORCHARD SWALLOW
Image_3.jpg,PEACOCK
Image_4.jpg,ORCHARD SWALLOW
Image_5.jpg,LARGE MARBLE
Image_6.jpg,ZEBRA LONG WING
Image_7.jpg,PURPLE HAIRSTREAK
Image_8.jpg,PEACOCK
Image_9.jpg,VICEROY
Image_10.jpg,WOOD SATYR
Image_11.jpg,ORCHARD SWALLOW
Image_12.jpg,BECKERS WHITE
Image_13.jpg,LARGE MARBLE
Image_14.jpg,ORCHARD SWALLOW
Image_15.jpg,PEACOCK
Image_16.jpg,VICEROY
Image_17.jpg,ORCHARD SWALLOW
Image_18.jpg,ORCHARD SWALLOW
Image_19.jpg,GREY HAIRSTREAK
Image_20.jpg,COMMON WOOD-NYMPH
Image_21.jpg,BANDED ORANGE HELICONIAN
Image_22.jpg,ORCHARD SWALLOW
Image_23.jpg,LARGE MARBLE
Image_24.jpg,LARGE MARBLE
Image_25.jpg,VICEROY
Image_26.jpg,ORCHARD SWALLOW
Image_27.jpg,ZEBRA LONG WING
Image_28.jpg,BANDED ORANGE HELICONIAN
Image_29.jpg,ORCHARD SWALLOW
Image_30.jpg,VICEROY
Image_31.jpg,SCARCE SWALLOW
Image_32.jpg,AMERICAN SNOOT
Image_33.jpg,ORCHARD SWALLOW
Image_34.jpg,ADONIS
Image_35.jpg,LARGE MARBLE
Image_36.jpg,AMERICAN SNOOT
Image_37.jpg,VICEROY
Image_38.jpg,PAPER KITE
Image_39.jpg,BANDED ORANGE HELICONIAN
Image_40.jpg,LARGE MARBLE
Image_41.jpg,BANDED ORANGE HELICONIAN
Image_42.jpg,VICEROY
Image_43.jpg,PEACOCK
Image_44.jpg,TROPICAL LEAFWING
Image_45.jpg,LARGE MARBLE
Image_46.jpg,ORCHARD SWALLOW
Image_47.jpg,ORCHARD SWALLOW
Image_48.jpg,LARGE MARBLE
Image_49.jpg,IPHICLUS SISTER
Image_50.jpg,BLUE SPOTTED CROW
Image_51.jpg,ORCHARD SWALLOW
Image_52.jpg,VICEROY
Image_53.jpg,LARGE MARBLE
Image_54.jpg,VICEROY
Image_55.jpg,LARGE MARBLE
Image_56.jpg,LARGE MARBLE
Image_57.jpg,ORCHARD SWALLOW
Image_58.jpg,VICEROY
Image_59.jpg,PEACOCK
Image_60.jpg,VICEROY
Image_61.jpg,PEACOCK
Image_62.jpg,VICEROY
Image_63.jpg,LARGE MARBLE
Image_64.jpg,COMMON BANDED AWL
Image_65.jpg,ORCHARD SWALLOW
Image_66.jpg,ADONIS
Image_67.jpg,AMERICAN SNOOT
Image_68.jpg,LARGE MARBLE
Image_69.jpg,ORCHARD SWALLOW
Image_70.jpg,ORCHARD SWALLOW
Image_71.jpg,ZEBRA LONG WING
Image_72.jpg,LARGE MARBLE
Image_73.jpg,ORCHARD SWALLOW
Image_74.jpg,SCARCE SWALLOW
Image_75.jpg,LARGE MARBLE
Image_76.jpg,PEACOCK
Image_77.jpg,ORCHARD SWALLOW
Image_78.jpg,ORCHARD SWALLOW
Image_79.jpg,VICEROY
Image_80.jpg,LARGE MARBLE
Image_81.jpg,WOOD SATYR
Image_82.jpg,ORCHARD SWALLOW
Image_83.jpg,IPHICLUS SISTER
Image_84.jpg,IPHICLUS SISTER
Image_85.jpg,PEACOCK
Image_86.jpg,VICEROY
Image_87.jpg,LARGE MARBLE
Image_88.jpg,ORCHARD SWALLOW
Image_89.jpg,VICEROY
Image_90.jpg,ORCHARD SWALLOW
Image_91.jpg,VICEROY
Image_92.jpg,VICEROY
Image_93.jpg,PEACOCK
Image_94.jpg,ORCHARD SWALLOW
Image_95.jpg,BANDED ORANGE HELICONIAN
Image_96.jpg,LARGE MARBLE
Image_97.jpg,WOOD SATYR
Image_98.jpg,PEACOCK
Image_99.jpg,ORCHARD SWALLOW
Image_100.jpg,LARGE MARBLE
Image_101.jpg,BANDED ORANGE HELICONIAN
Image_102.jpg,LARGE MARBLE
Image_103.jpg,ORCHARD SWALLOW
Image_104.jpg,PEACOCK
Image_105.jpg,PEACOCK
Image_106.jpg,TROPICAL LEAFWING
Image_107.jpg,COMMON WOOD-NYMPH
Image_108.jpg,ORCHARD SWALLOW
Image_109.jpg,VICEROY
Image_110.jpg,COMMON WOOD-NYMPH
Image_111.jpg,LARGE MARBLE
Image_112.jpg,PEACOCK
Image_113.jpg,ORCHARD SWALLOW
Image_114.jpg,AMERICAN SNOOT
Image_115.jpg,ORCHARD SWALLOW
Image_116.jpg,BANDED ORANGE HELICONIAN
Image_117.jpg,ORCHARD SWALLOW
Image_118.jpg,ORCHARD SWALLOW
Image_119.jpg,VICEROY
Image_120.jpg,IPHICLUS SISTER
Image_121.jpg,PEACOCK
Image_122.jpg,PEACOCK
Image_123.jpg,LARGE MARBLE
Image_124.jpg,ORCHARD SWALLOW
Image_125.jpg,ORCHARD SWALLOW
Image_126.jpg,IPHICLUS SISTER
Image_127.jpg,COMMON WOOD-NYMPH
Image_128.jpg,AMERICAN SNOOT
Image_129.jpg,AMERICAN SNOOT
Image_130.jpg,COMMON WOOD-NYMPH
Image_131.jpg,GREEN CELLED CATTLEHEART
Image_132.jpg,COMMON WOOD-NYMPH
Image_133.jpg,ORCHARD SWALLOW
Image_134.jpg,LARGE MARBLE
Image_135.jpg,PEACOCK
Image_136.jpg,LARGE MARBLE
Image_137.jpg,MESTRA
Image_138.jpg,ORCHARD SWALLOW
Image_139.jpg,VICEROY
Image_140.jpg,ORCHARD SWALLOW
Image_141.jpg,ORANGE TIP
Image_142.jpg,ORCHARD SWALLOW
Image_143.jpg,ORCHARD SWALLOW
Image_144.jpg,COMMON WOOD-NYMPH
Image_145.jpg,VICEROY
Image_146.jpg,PEACOCK
Image_147.jpg,BANDED ORANGE HELICONIAN
Image_148.jpg,BANDED ORANGE HELICONIAN
Image_149.jpg,LARGE MARBLE
Image_150.jpg,PINE WHITE
Image_151.jpg,SCARCE SWALLOW
Image_152.jpg,VICEROY
Image_153.jpg,PEACOCK
Image_154.jpg,LARGE MARBLE
Image_155.jpg,AMERICAN SNOOT
Image_156.jpg,ORCHARD SWALLOW
Image_157.jpg,GREEN CELLED CATTLEHEART
Image_158.jpg,ZEBRA LONG WING
Image_159.jpg,LARGE MARBLE
Image_160.jpg,ZEBRA LONG WING
Image_161.jpg,ORANGE TIP
Image_162.jpg,ORCHARD SWALLOW
Image_163.jpg,ZEBRA LONG WING
Image_164.jpg,ORCHARD SWALLOW
Image_165.jpg,ORCHARD SWALLOW
Image_166.jpg,ORCHARD SWALLOW
Image_167.jpg,ORCHARD SWALLOW
Image_168.jpg,POPINJAY
Image_169.jpg,ORCHARD SWALLOW
Image_170.jpg,PEACOCK
Image_171.jpg,LARGE MARBLE
Image_172.jpg,ORCHARD SWALLOW
Image_173.jpg,COMMON WOOD-NYMPH
Image_174.jpg,ORCHARD SWALLOW
Image_175.jpg,PEACOCK
Image_176.jpg,GREEN CELLED CATTLEHEART
Image_177.jpg,ZEBRA LONG WING
Image_178.jpg,ORCHARD SWALLOW
Image_179.jpg,PEACOCK
Image_180.jpg,CHESTNUT
Image_181.jpg,ORCHARD SWALLOW
Image_182.jpg,GREEN CELLED CATTLEHEART
Image_183.jpg,PEACOCK
Image_184.jpg,ZEBRA LONG WING
Image_185.jpg,ORCHARD SWALLOW
Image_186.jpg,ZEBRA LONG WING
Image_187.jpg,TROPICAL LEAFWING
Image_188.jpg,AMERICAN SNOOT
Image_189.jpg,COMMON WOOD-NYMPH
Image_190.jpg,ORANGE TIP
Image_191.jpg,ORCHARD SWALLOW
Image_192.jpg,LARGE MARBLE
Image_193.jpg,COMMON BANDED AWL
Image_194.jpg,ADONIS
Image_195.jpg,BANDED ORANGE HELICONIAN
Image_196.jpg,ZEBRA LONG WING
Image_197.jpg,LARGE MARBLE
Image_198.jpg,ORCHARD SWALLOW
Image_199.jpg,VICEROY
Image_200.jpg,COMMON BANDED AWL
Image_201.jpg,BANDED ORANGE HELICONIAN
Image_202.jpg,ORCHARD SWALLOW
Image_203.jpg,ORCHARD SWALLOW
Image_204.jpg,POPINJAY
Image_205.jpg,PINE WHITE
Image_206.jpg,VICEROY
Image_207.jpg,ORCHARD SWALLOW
Image_208.jpg,LARGE MARBLE
Image_209.jpg,PEACOCK
Image_210.jpg,LARGE MARBLE
Image_211.jpg,COMMON WOOD-NYMPH
Image_212.jpg,LARGE MARBLE
Image_213.jpg,ORCHARD SWALLOW
Image_214.jpg,TROPICAL LEAFWING
Image_215.jpg,VICEROY
Image_216.jpg,ORCHARD SWALLOW
Image_217.jpg,PEACOCK
Image_218.jpg,COPPER TAIL
Image_219.jpg,ORCHARD SWALLOW
Image_220.jpg,ZEBRA LONG WING
Image_221.jpg,BANDED ORANGE HELICONIAN
Image_222.jpg,SCARCE SWALLOW
Image_223.jpg,ORCHARD SWALLOW
Image_224.jpg,ORCHARD SWALLOW
Image_225.jpg,VICEROY
Image_226.jpg,ORCHARD SWALLOW
Image_227.jpg,COMMON WOOD-NYMPH
Image_228.jpg,ADONIS
Image_229.jpg,AMERICAN SNOOT
Image_230.jpg,VICEROY
Image_231.jpg,PINE WHITE
Image_232.jpg,AMERICAN SNOOT
Image_233.jpg,CHESTNUT
Image_234.jpg,ORCHARD SWALLOW
Image_235.jpg,PINE WHITE
Image_236.jpg,ZEBRA LONG WING
Image_237.jpg,LARGE MARBLE
Image_238.jpg,LARGE MARBLE
Image_239.jpg,IPHICLUS SISTER
Image_240.jpg,ORCHARD SWALLOW
Image_241.jpg,ORCHARD SWALLOW
Image_242.jpg,VICEROY
Image_243.jpg,COMMON WOOD-NYMPH
Image_244.jpg,ORCHARD SWALLOW
Image_245.jpg,AMERICAN SNOOT
Image_246.jpg,TROPICAL LEAFWING
Image_247.jpg,ORCHARD SWALLOW
Image_248.jpg,LARGE MARBLE
Image_249.jpg,ORCHARD SWALLOW
Image_250.jpg,MILBERTS TORTOISESHELL
Image_251.jpg,VICEROY
Image_252.jpg,LARGE MARBLE
Image_253.jpg,PEACOCK
Image_254.jpg,BECKERS WHITE
Image_255.jpg,VICEROY
Image_256.jpg,BANDED ORANGE HELICONIAN
Image_257.jpg,PEACOCK
Image_258.jpg,LARGE MARBLE
Image_259.jpg,ORCHARD SWALLOW
Image_260.jpg,ZEBRA LONG WING
Image_261.jpg,PEACOCK
Image_262.jpg,ORCHARD SWALLOW
Image_263.jpg,GREEN CELLED CATTLEHEART
Image_264.jpg,BANDED ORANGE HELICONIAN
Image_265.jpg,PEACOCK
Image_266.jpg,PEACOCK
Image_267.jpg,SCARCE SWALLOW
Image_268.jpg,LARGE MARBLE
Image_269.jpg,ZEBRA LONG WING
Image_270.jpg,COMMON WOOD-NYMPH
Image_271.jpg,ORCHARD SWALLOW
Image_272.jpg,LARGE MARBLE
Image_273.jpg,ORCHARD SWALLOW
Image_274.jpg,GOLD BANDED
Image_275.jpg,LARGE MARBLE
Image_276.jpg,GREEN CELLED CATTLEHEART
Image_277.jpg,ORCHARD SWALLOW
Image_278.jpg,LARGE MARBLE
Image_279.jpg,LARGE MARBLE
Image_280.jpg,ORCHARD SWALLOW
Image_281.jpg,LARGE MARBLE
Image_282.jpg,ORCHARD SWALLOW
Image_283.jpg,COMMON BANDED AWL
Image_284.jpg,LARGE MARBLE
Image_285.jpg,ORCHARD SWALLOW
Image_286.jpg,BANDED ORANGE HELICONIAN
Image_287.jpg,AMERICAN SNOOT
Image_288.jpg,PEACOCK
Image_289.jpg,ORCHARD SWALLOW
Image_290.jpg,ORCHARD SWALLOW
Image_291.jpg,BANDED ORANGE HELICONIAN
Image_292.jpg,LARGE MARBLE
Image_293.jpg,TROPICAL LEAFWING
Image_294.jpg,ORCHARD SWALLOW
Image_295.jpg,MOURNING CLOAK
Image_296.jpg,ZEBRA LONG WING
Image_297.jpg,LARGE MARBLE
Image_298.jpg,ORCHARD SWALLOW
Image_299.jpg,PEACOCK
Image_300.jpg,LARGE MARBLE
Image_301.jpg,TROPICAL LEAFWING
Image_302.jpg,LARGE MARBLE
Image_303.jpg,ZEBRA LONG WING
Image_304.jpg,ORCHARD SWALLOW
Image_305.jpg,VICEROY
Image_306.jpg,ORCHARD SWALLOW
Image_307.jpg,LARGE MARBLE
Image_308.jpg,LARGE MARBLE
Image_309.jpg,ORCHARD SWALLOW
Image_310.jpg,MESTRA
Image_311.jpg,MESTRA
Image_312.jpg,SCARCE SWALLOW
Image_313.jpg,AMERICAN SNOOT
Image_314.jpg,BANDED ORANGE HELICONIAN
Image_315.jpg,ORCHARD SWALLOW
Image_316.jpg,GOLD BANDED
Image_317.jpg,ORCHARD SWALLOW
Image_318.jpg,AMERICAN SNOOT
Image_319.jpg,ORCHARD SWALLOW
Image_320.jpg,LARGE MARBLE
Image_321.jpg,ORCHARD SWALLOW
Image_322.jpg,LARGE MARBLE
Image_323.jpg,VICEROY
Image_324.jpg,PEACOCK
Image_325.jpg,ATALA
Image_326.jpg,VICEROY
Image_327.jpg,ORCHARD SWALLOW
Image_328.jpg,VICEROY
Image_329.jpg,PEACOCK
Image_330.jpg,BANDED ORANGE HELICONIAN
Image_331.jpg,BANDED ORANGE HELICONIAN
Image_332.jpg,VICEROY
Image_333.jpg,TROPICAL LEAFWING
Image_334.jpg,TROPICAL LEAFWING
Image_335.jpg,QUESTION MARK
Image_336.jpg,MILBERTS TORTOISESHELL
Image_337.jpg,PEACOCK
Image_338.jpg,PEACOCK
Image_339.jpg,ORCHARD SWALLOW
Image_340.jpg,ORCHARD SWALLOW
Image_341.jpg,CABBAGE WHITE
Image_342.jpg,ORCHARD SWALLOW
Image_343.jpg,LARGE MARBLE
Image_344.jpg,ADONIS
Image_345.jpg,LARGE MARBLE
Image_346.jpg,ORCHARD SWALLOW
Image_347.jpg,AMERICAN SNOOT
Image_348.jpg,VICEROY
Image_349.jpg,GREEN CELLED CATTLEHEART
Image_350.jpg,VICEROY
Image_351.jpg,LARGE MARBLE
Image_352.jpg,ORCHARD SWALLOW
Image_353.jpg,LARGE MARBLE
Image_354.jpg,LARGE MARBLE
Image_355.jpg,ZEBRA LONG WING
Image_356.jpg,ORCHARD SWALLOW
Image_357.jpg,BANDED ORANGE HELICONIAN
Image_358.jpg,JULIA
Image_359.jpg,LARGE MARBLE
Image_360.jpg,PEACOCK
Image_361.jpg,PEACOCK
Image_362.jpg,LARGE MARBLE
Image_363.jpg,TROPICAL LEAFWING
Image_364.jpg,QUESTION MARK
Image_365.jpg,ORCHARD SWALLOW
Image_366.jpg,COMMON WOOD-NYMPH
Image_367.jpg,PEACOCK
Image_368.jpg,TROPICAL LEAFWING
Image_369.jpg,LARGE MARBLE
Image_370.jpg,ORCHARD SWALLOW
Image_371.jpg,SCARCE SWALLOW
Image_372.jpg,ORCHARD SWALLOW
Image_373.jpg,TROPICAL LEAFWING
Image_374.jpg,PEACOCK
Image_375.jpg,TROPICAL LEAFWING
Image_376.jpg,ORCHARD SWALLOW
Image_377.jpg,LARGE MARBLE
Image_378.jpg,GREEN CELLED CATTLEHEART
Image_379.jpg,ZEBRA LONG WING
Image_380.jpg,COMMON WOOD-NYMPH
Image_381.jpg,ORCHARD SWALLOW
Image_382.jpg,PINE WHITE
Image_383.jpg,COMMON WOOD-NYMPH
Image_384.jpg,TWO BARRED FLASHER
Image_385.jpg,BANDED ORANGE HELICONIAN
Image_386.jpg,COMMON BANDED AWL
Image_387.jpg,ZEBRA LONG WING
Image_388.jpg,COMMON BANDED AWL
Image_389.jpg,COMMON WOOD-NYMPH
Image_390.jpg,RED ADMIRAL
Image_391.jpg,ORCHARD SWALLOW
Image_392.jpg,PURPLISH COPPER
Image_393.jpg,LARGE MARBLE
Image_394.jpg,ORCHARD SWALLOW
Image_395.jpg,ORCHARD SWALLOW
Image_396.jpg,ORCHARD SWALLOW
Image_397.jpg,LARGE MARBLE
Image_398.jpg,LARGE MARBLE
Image_399.jpg,VICEROY
Image_400.jpg,TROPICAL LEAFWING
Image_401.jpg,PEACOCK
Image_402.jpg,LARGE MARBLE
Image_403.jpg,POPINJAY
Image_404.jpg,ADONIS
Image_405.jpg,LARGE MARBLE
Image_406.jpg,ORCHARD SWALLOW
Image_407.jpg,AMERICAN SNOOT
Image_408.jpg,ORCHARD SWALLOW
Image_409.jpg,PEACOCK
Image_410.jpg,ORCHARD SWALLOW
Image_411.jpg,PEACOCK
Image_412.jpg,LARGE MARBLE
Image_413.jpg,BANDED ORANGE HELICONIAN
Image_414.jpg,BANDED ORANGE HELICONIAN
Image_415.jpg,ADONIS
Image_416.jpg,WOOD SATYR
Image_417.jpg,LARGE MARBLE
Image_418.jpg,VICEROY
Image_419.jpg,ORCHARD SWALLOW
Image_420.jpg,ORCHARD SWALLOW
Image_421.jpg,ORCHARD SWALLOW
Image_422.jpg,LARGE MARBLE
Image_423.jpg,ORCHARD SWALLOW
Image_424.jpg,ZEBRA LONG WING
Image_425.jpg,COMMON WOOD-NYMPH
Image_426.jpg,PEACOCK
Image_427.jpg,COMMON WOOD-NYMPH
Image_428.jpg,LARGE MARBLE
Image_429.jpg,VICEROY
Image_430.jpg,ORCHARD SWALLOW
Image_431.jpg,SCARCE SWALLOW
Image_432.jpg,COMMON BANDED AWL
Image_433.jpg,VICEROY
Image_434.jpg,ORCHARD SWALLOW
Image_435.jpg,BANDED ORANGE HELICONIAN
Image_436.jpg,ORCHARD SWALLOW
Image_437.jpg,COMMON WOOD-NYMPH
Image_438.jpg,IPHICLUS SISTER
Image_439.jpg,ORCHARD SWALLOW
Image_440.jpg,ORCHARD SWALLOW
Image_441.jpg,VICEROY
Image_442.jpg,ORCHARD SWALLOW
Image_443.jpg,VICEROY
Image_444.jpg,TROPICAL LEAFWING
Image_445.jpg,LARGE MARBLE
Image_446.jpg,PEACOCK
Image_447.jpg,AMERICAN SNOOT
Image_448.jpg,VICEROY
Image_449.jpg,BANDED ORANGE HELICONIAN
Image_450.jpg,ORCHARD SWALLOW
Image_451.jpg,LARGE MARBLE
Image_452.jpg,ORCHARD SWALLOW
Image_453.jpg,ORCHARD SWALLOW
Image_454.jpg,ZEBRA LONG WING
Image_455.jpg,COMMON BANDED AWL
Image_456.jpg,ORCHARD SWALLOW
Image_457.jpg,ZEBRA LONG WING
Image_458.jpg,BANDED ORANGE HELICONIAN
Image_459.jpg,VICEROY
Image_460.jpg,AFRICAN GIANT SWALLOWTAIL
Image_461.jpg,SCARCE SWALLOW
Image_462.jpg,ORCHARD SWALLOW
Image_463.jpg,ORCHARD SWALLOW
Image_464.jpg,ORCHARD SWALLOW
Image_465.jpg,LARGE MARBLE
Image_466.jpg,BANDED ORANGE HELICONIAN
Image_467.jpg,AMERICAN SNOOT
Image_468.jpg,ORCHARD SWALLOW
Image_469.jpg,RED ADMIRAL
Image_470.jpg,COMMON WOOD-NYMPH
Image_471.jpg,ORCHARD SWALLOW
Image_472.jpg,ORCHARD SWALLOW
Image_473.jpg,SCARCE SWALLOW
Image_474.jpg,ORCHARD SWALLOW
Image_475.jpg,COMMON WOOD-NYMPH
Image_476.jpg,BANDED ORANGE HELICONIAN
Image_477.jpg,PURPLISH COPPER
Image_478.jpg,SCARCE SWALLOW
Image_479.jpg,RED ADMIRAL
Image_480.jpg,LARGE MARBLE
Image_481.jpg,AMERICAN SNOOT
Image_482.jpg,VICEROY
Image_483.jpg,ORANGE TIP
Image_484.jpg,COMMON WOOD-NYMPH
Image_485.jpg,VICEROY
Image_486.jpg,ORCHARD SWALLOW
Image_487.jpg,ZEBRA LONG WING
Image_488.jpg,ORCHARD SWALLOW
Image_489.jpg,PEACOCK
Image_490.jpg,PEACOCK
Image_491.jpg,LARGE MARBLE
Image_492.jpg,ORCHARD SWALLOW
Image_493.jpg,ORCHARD SWALLOW
Image_494.jpg,ORCHARD SWALLOW
Image_495.jpg,ORCHARD SWALLOW
Image_496.jpg,LARGE MARBLE
Image_497.jpg,COMMON BANDED AWL
Image_498.jpg,ORCHARD SWALLOW
Image_499.jpg,IPHICLUS SISTER
Image_500.jpg,GREEN CELLED CATTLEHEART
Image_501.jpg,GREEN CELLED CATTLEHEART
Image_502.jpg,ORCHARD SWALLOW
Image_503.jpg,ZEBRA LONG WING
Image_504.jpg,VICEROY
Image_505.jpg,RED ADMIRAL
Image_506.jpg,LARGE MARBLE
Image_507.jpg,ORCHARD SWALLOW
Image_508.jpg,COMMON WOOD-NYMPH
Image_509.jpg,ORCHARD SWALLOW
Image_510.jpg,IPHICLUS SISTER
Image_511.jpg,PINE WHITE
Image_512.jpg,ORCHARD SWALLOW
Image_513.jpg,SCARCE SWALLOW
Image_514.jpg,ORCHARD SWALLOW
Image_515.jpg,GREEN CELLED CATTLEHEART
Image_516.jpg,ORCHARD SWALLOW
Image_517.jpg,COMMON BANDED AWL
Image_518.jpg,COMMON WOOD-NYMPH
Image_519.jpg,ORCHARD SWALLOW
Image_520.jpg,SCARCE SWALLOW
Image_521.jpg,LARGE MARBLE
Image_522.jpg,ORCHARD SWALLOW
Image_523.jpg,SCARCE SWALLOW
Image_524.jpg,GREEN CELLED CATTLEHEART
Image_525.jpg,ZEBRA LONG WING
Image_526.jpg,BANDED ORANGE HELICONIAN
Image_527.jpg,VICEROY
Image_528.jpg,PEACOCK
Image_529.jpg,ZEBRA LONG WING
Image_530.jpg,ORCHARD SWALLOW
Image_531.jpg,BANDED ORANGE HELICONIAN
Image_532.jpg,COMMON WOOD-NYMPH
Image_533.jpg,LARGE MARBLE
Image_534.jpg,ORCHARD SWALLOW
Image_535.jpg,ZEBRA LONG WING
Image_536.jpg,MESTRA
Image_537.jpg,ORCHARD SWALLOW
Image_538.jpg,LARGE MARBLE
Image_539.jpg,SCARCE SWALLOW
Image_540.jpg,COMMON WOOD-NYMPH
Image_541.jpg,ORCHARD SWALLOW
Image_542.jpg,VICEROY
Image_543.jpg,COMMON WOOD-NYMPH
Image_544.jpg,COMMON BANDED AWL
Image_545.jpg,BANDED ORANGE HELICONIAN
Image_546.jpg,VICEROY
Image_547.jpg,WOOD SATYR
Image_548.jpg,ORCHARD SWALLOW
Image_549.jpg,ORCHARD SWALLOW
Image_550.jpg,PEACOCK
Image_551.jpg,LARGE MARBLE
Image_552.jpg,POPINJAY
Image_553.jpg,LARGE MARBLE
Image_554.jpg,IPHICLUS SISTER
Image_555.jpg,WOOD SATYR
Image_556.jpg,AMERICAN SNOOT
Image_557.jpg,PEACOCK
Image_558.jpg,GREEN CELLED CATTLEHEART
Image_559.jpg,COMMON BANDED AWL
Image_560.jpg,VICEROY
Image_561.jpg,PEACOCK
Image_562.jpg,PEACOCK
Image_563.jpg,LARGE MARBLE
Image_564.jpg,PEACOCK
Image_565.jpg,VICEROY
Image_566.jpg,TROPICAL LEAFWING
Image_567.jpg,COMMON WOOD-NYMPH
Image_568.jpg,BANDED ORANGE HELICONIAN
Image_569.jpg,SCARCE SWALLOW
Image_570.jpg,AMERICAN SNOOT
Image_571.jpg,PEACOCK
Image_572.jpg,ORCHARD SWALLOW
Image_573.jpg,ORCHARD SWALLOW
Image_574.jpg,POPINJAY
Image_575.jpg,BANDED ORANGE HELICONIAN
Image_576.jpg,MESTRA
Image_577.jpg,TROPICAL LEAFWING
Image_578.jpg,PEACOCK
Image_579.jpg,LARGE MARBLE
Image_580.jpg,ORCHARD SWALLOW
Image_581.jpg,ADONIS
Image_582.jpg,TROPICAL LEAFWING
Image_583.jpg,LARGE MARBLE
Image_584.jpg,COMMON WOOD-NYMPH
Image_585.jpg,VICEROY
Image_586.jpg,VICEROY
Image_587.jpg,ZEBRA LONG WING
Image_588.jpg,ZEBRA LONG WING
Image_589.jpg,SCARCE SWALLOW
Image_590.jpg,ZEBRA LONG WING
Image_591.jpg,VICEROY
Image_592.jpg,ORCHARD SWALLOW
Image_593.jpg,VICEROY
Image_594.jpg,ORANGE TIP
Image_595.jpg,PEACOCK
Image_596.jpg,LARGE MARBLE
Image_597.jpg,VICEROY
Image_598.jpg,ORCHARD SWALLOW
Image_599.jpg,WOOD SATYR
Image_600.jpg,ORCHARD SWALLOW
Image_601.jpg,BANDED ORANGE HELICONIAN
Image_602.jpg,LARGE MARBLE
Image_603.jpg,ORCHARD SWALLOW
Image_604.jpg,ORCHARD SWALLOW
Image_605.jpg,ZEBRA LONG WING
Image_606.jpg,ORCHARD SWALLOW
Image_607.jpg,ORCHARD SWALLOW
Image_608.jpg,ORCHARD SWALLOW
Image_609.jpg,ORCHARD SWALLOW
Image_610.jpg,ORCHARD SWALLOW
Image_611.jpg,ORCHARD SWALLOW
Image_612.jpg,VICEROY
Image_613.jpg,ORCHARD SWALLOW
Image_614.jpg,POPINJAY
Image_615.jpg,PEACOCK
Image_616.jpg,ZEBRA LONG WING
Image_617.jpg,PEACOCK
Image_618.jpg,ORCHARD SWALLOW
Image_619.jpg,ORCHARD SWALLOW
Image_620.jpg,VICEROY
Image_621.jpg,VICEROY
Image_622.jpg,SCARCE SWALLOW
Image_623.jpg,SCARCE SWALLOW
Image_624.jpg,ORCHARD SWALLOW
Image_625.jpg,SCARCE SWALLOW
Image_626.jpg,LARGE MARBLE
Image_627.jpg,PEACOCK
Image_628.jpg,VICEROY
Image_629.jpg,TROPICAL LEAFWING
Image_630.jpg,ORCHARD SWALLOW
Image_631.jpg,ZEBRA LONG WING
Image_632.jpg,COMMON WOOD-NYMPH
Image_633.jpg,AMERICAN SNOOT
Image_634.jpg,ADONIS
Image_635.jpg,LARGE MARBLE
Image_636.jpg,ORCHARD SWALLOW
Image_637.jpg,VICEROY
Image_638.jpg,ORCHARD SWALLOW
Image_639.jpg,LARGE MARBLE
Image_640.jpg,PAPER KITE
Image_641.jpg,VICEROY
Image_642.jpg,VICEROY
Image_643.jpg,ZEBRA LONG WING
Image_644.jpg,ORCHARD SWALLOW
Image_645.jpg,VICEROY
Image_646.jpg,VICEROY
Image_647.jpg,ZEBRA LONG WING
Image_648.jpg,WOOD SATYR
Image_649.jpg,ORCHARD SWALLOW
Image_650.jpg,ORCHARD SWALLOW
Image_651.jpg,VICEROY
Image_652.jpg,COMMON WOOD-NYMPH
Image_653.jpg,LARGE MARBLE
Image_654.jpg,ORCHARD SWALLOW
Image_655.jpg,ORCHARD SWALLOW
Image_656.jpg,WOOD SATYR
Image_657.jpg,ZEBRA LONG WING
Image_658.jpg,VICEROY
Image_659.jpg,VICEROY
Image_660.jpg,VICEROY
Image_661.jpg,POPINJAY
Image_662.jpg,PEACOCK
Image_663.jpg,LARGE MARBLE
Image_664.jpg,RED ADMIRAL
Image_665.jpg,ORCHARD SWALLOW
Image_666.jpg,ORCHARD SWALLOW
Image_667.jpg,COMMON WOOD-NYMPH
Image_668.jpg,PEACOCK
Image_669.jpg,LARGE MARBLE
Image_670.jpg,ORCHARD SWALLOW
Image_671.jpg,LARGE MARBLE
Image_672.jpg,LARGE MARBLE
Image_673.jpg,ADONIS
Image_674.jpg,BANDED ORANGE HELICONIAN
Image_675.jpg,LARGE MARBLE
Image_676.jpg,LARGE MARBLE
Image_677.jpg,ZEBRA LONG WING
Image_678.jpg,PEACOCK
Image_679.jpg,LARGE MARBLE
Image_680.jpg,LARGE MARBLE
Image_681.jpg,COMMON WOOD-NYMPH
Image_682.jpg,ORCHARD SWALLOW
Image_683.jpg,SCARCE SWALLOW
Image_684.jpg,LARGE MARBLE
Image_685.jpg,LARGE MARBLE
Image_686.jpg,WOOD SATYR
Image_687.jpg,COMMON WOOD-NYMPH
Image_688.jpg,GREEN CELLED CATTLEHEART
Image_689.jpg,LARGE MARBLE
Image_690.jpg,BANDED ORANGE HELICONIAN
Image_691.jpg,TROPICAL LEAFWING
Image_692.jpg,ORCHARD SWALLOW
Image_693.jpg,SCARCE SWALLOW
Image_694.jpg,LARGE MARBLE
Image_695.jpg,ORCHARD SWALLOW
Image_696.jpg,ORCHARD SWALLOW
Image_697.jpg,LARGE MARBLE
Image_698.jpg,VICEROY
Image_699.jpg,RED ADMIRAL
Image_700.jpg,LARGE MARBLE
Image_701.jpg,ORCHARD SWALLOW
Image_702.jpg,AMERICAN SNOOT
Image_703.jpg,PEACOCK
Image_704.jpg,GREEN CELLED CATTLEHEART
Image_705.jpg,LARGE MARBLE
Image_706.jpg,ORCHARD SWALLOW
Image_707.jpg,EASTERN PINE ELFIN
Image_708.jpg,LARGE MARBLE
Image_709.jpg,AMERICAN SNOOT
Image_710.jpg,LARGE MARBLE
Image_711.jpg,LARGE MARBLE
Image_712.jpg,TROPICAL LEAFWING
Image_713.jpg,VICEROY
Image_714.jpg,VICEROY
Image_715.jpg,GREAT EGGFLY
Image_716.jpg,BANDED ORANGE HELICONIAN
Image_717.jpg,ZEBRA LONG WING
Image_718.jpg,LARGE MARBLE
Image_719.jpg,PEACOCK
Image_720.jpg,ORCHARD SWALLOW
Image_721.jpg,COMMON WOOD-NYMPH
Image_722.jpg,GREEN CELLED CATTLEHEART
Image_723.jpg,ORCHARD SWALLOW
Image_724.jpg,TROPICAL LEAFWING
Image_725.jpg,ORCHARD SWALLOW
Image_726.jpg,WOOD SATYR
Image_727.jpg,AMERICAN SNOOT
Image_728.jpg,TROPICAL LEAFWING
Image_729.jpg,TROPICAL LEAFWING
Image_730.jpg,MILBERTS TORTOISESHELL
Image_731.jpg,VICEROY
Image_732.jpg,MESTRA
Image_733.jpg,ORCHARD SWALLOW
Image_734.jpg,ZEBRA LONG WING
Image_735.jpg,ORCHARD SWALLOW
Image_736.jpg,COMMON WOOD-NYMPH
Image_737.jpg,ORCHARD SWALLOW
Image_738.jpg,BANDED ORANGE HELICONIAN
Image_739.jpg,COMMON WOOD-NYMPH
Image_740.jpg,ORCHARD SWALLOW
Image_741.jpg,ORCHARD SWALLOW
Image_742.jpg,BANDED ORANGE HELICONIAN
Image_743.jpg,ORCHARD SWALLOW
Image_744.jpg,IPHICLUS SISTER
Image_745.jpg,LARGE MARBLE
Image_746.jpg,TROPICAL LEAFWING
Image_747.jpg,ORCHARD SWALLOW
Image_748.jpg,ZEBRA LONG WING
Image_749.jpg,AMERICAN SNOOT
Image_750.jpg,SCARCE SWALLOW
Image_751.jpg,SCARCE SWALLOW
Image_752.jpg,ORCHARD SWALLOW
Image_753.jpg,ZEBRA LONG WING
Image_754.jpg,LARGE MARBLE
Image_755.jpg,VICEROY
Image_756.jpg,ORCHARD SWALLOW
Image_757.jpg,LARGE MARBLE
Image_758.jpg,LARGE MARBLE
Image_759.jpg,WOOD SATYR
Image_760.jpg,COMMON WOOD-NYMPH
Image_761.jpg,COMMON WOOD-NYMPH
Image_762.jpg,ORCHARD SWALLOW
Image_763.jpg,LARGE MARBLE
Image_764.jpg,COMMON WOOD-NYMPH
Image_765.jpg,ORCHARD SWALLOW
Image_766.jpg,PEACOCK
Image_767.jpg,ORCHARD SWALLOW
Image_768.jpg,BANDED ORANGE HELICONIAN
Image_769.jpg,AMERICAN SNOOT
Image_770.jpg,ORCHARD SWALLOW
Image_771.jpg,LARGE MARBLE
Image_772.jpg,VICEROY
Image_773.jpg,GOLD BANDED
Image_774.jpg,LARGE MARBLE
Image_775.jpg,ZEBRA LONG WING
Image_776.jpg,GREEN CELLED CATTLEHEART
Image_777.jpg,ORCHARD SWALLOW
Image_778.jpg,GREEN CELLED CATTLEHEART
Image_779.jpg,ORCHARD SWALLOW
Image_780.jpg,IPHICLUS SISTER
Image_781.jpg,ORCHARD SWALLOW
Image_782.jpg,TROPICAL LEAFWING
Image_783.jpg,ORCHARD SWALLOW
Image_784.jpg,VICEROY
Image_785.jpg,ORCHARD SWALLOW
Image_786.jpg,AMERICAN SNOOT
Image_787.jpg,VICEROY
Image_788.jpg,LARGE MARBLE
Image_789.jpg,PEACOCK
Image_790.jpg,BANDED ORANGE HELICONIAN
Image_791.jpg,VICEROY
Image_792.jpg,ORCHARD SWALLOW
Image_793.jpg,ORCHARD SWALLOW
Image_794.jpg,LARGE MARBLE
Image_795.jpg,LARGE MARBLE
Image_796.jpg,SCARCE SWALLOW
Image_797.jpg,WOOD SATYR
Image_798.jpg,ORCHARD SWALLOW
Image_799.jpg,LARGE MARBLE
Image_800.jpg,DANAID EGGFLY
Image_801.jpg,COMMON WOOD-NYMPH
Image_802.jpg,BANDED ORANGE HELICONIAN
Image_803.jpg,ORCHARD SWALLOW
Image_804.jpg,ORCHARD SWALLOW
Image_805.jpg,CABBAGE WHITE
Image_806.jpg,VICEROY
Image_807.jpg,AMERICAN SNOOT
Image_808.jpg,AMERICAN SNOOT
Image_809.jpg,ORCHARD SWALLOW
Image_810.jpg,ORCHARD SWALLOW
Image_811.jpg,LARGE MARBLE
Image_812.jpg,ORCHARD SWALLOW
Image_813.jpg,WOOD SATYR
Image_814.jpg,ADONIS
Image_815.jpg,BANDED ORANGE HELICONIAN
Image_816.jpg,ORCHARD SWALLOW
Image_817.jpg,PEACOCK
Image_818.jpg,VICEROY
Image_819.jpg,AMERICAN SNOOT
Image_820.jpg,VICEROY
Image_821.jpg,ORCHARD SWALLOW
Image_822.jpg,SCARCE SWALLOW
Image_823.jpg,SCARCE SWALLOW
Image_824.jpg,VICEROY
Image_825.jpg,PEACOCK
Image_826.jpg,ORCHARD SWALLOW
Image_827.jpg,LARGE MARBLE
Image_828.jpg,LARGE MARBLE
Image_829.jpg,ORCHARD SWALLOW
Image_830.jpg,BANDED ORANGE HELICONIAN
Image_831.jpg,ORCHARD SWALLOW
Image_832.jpg,LARGE MARBLE
Image_833.jpg,VICEROY
Image_834.jpg,GREEN CELLED CATTLEHEART
Image_835.jpg,BROWN SIPROETA
Image_836.jpg,LARGE MARBLE
Image_837.jpg,PEACOCK
Image_838.jpg,ORCHARD SWALLOW
Image_839.jpg,PEACOCK
Image_840.jpg,PEACOCK
Image_841.jpg,PAPER KITE
Image_842.jpg,ORCHARD SWALLOW
Image_843.jpg,COMMON WOOD-NYMPH
Image_844.jpg,LARGE MARBLE
Image_845.jpg,ORCHARD SWALLOW
Image_846.jpg,ORCHARD SWALLOW
Image_847.jpg,BANDED ORANGE HELICONIAN
Image_848.jpg,COMMON BANDED AWL
Image_849.jpg,BANDED ORANGE HELICONIAN
Image_850.jpg,VICEROY
Image_851.jpg,ORCHARD SWALLOW
Image_852.jpg,SCARCE SWALLOW
Image_853.jpg,ORCHARD SWALLOW
Image_854.jpg,ORCHARD SWALLOW
Image_855.jpg,ORCHARD SWALLOW
Image_856.jpg,ORCHARD SWALLOW
Image_857.jpg,ORCHARD SWALLOW
Image_858.jpg,COMMON WOOD-NYMPH
Image_859.jpg,ORCHARD SWALLOW
Image_860.jpg,VICEROY
Image_861.jpg,VICEROY
Image_862.jpg,VICEROY
Image_863.jpg,ORCHARD SWALLOW
Image_864.jpg,VICEROY
Image_865.jpg,LARGE MARBLE
Image_866.jpg,LARGE MARBLE
Image_867.jpg,BANDED ORANGE HELICONIAN
Image_868.jpg,PEACOCK
Image_869.jpg,ORCHARD SWALLOW
Image_870.jpg,COMMON WOOD-NYMPH
Image_871.jpg,ORCHARD SWALLOW
Image_872.jpg,BANDED ORANGE HELICONIAN
Image_873.jpg,COMMON WOOD-NYMPH
Image_874.jpg,ORCHARD SWALLOW
Image_875.jpg,ADONIS
Image_876.jpg,BANDED ORANGE HELICONIAN
Image_877.jpg,PURPLISH COPPER
Image_878.jpg,PEACOCK
Image_879.jpg,ORANGE TIP
Image_880.jpg,LARGE MARBLE
Image_881.jpg,ORCHARD SWALLOW
Image_882.jpg,SCARCE SWALLOW
Image_883.jpg,PEACOCK
Image_884.jpg,SCARCE SWALLOW
Image_885.jpg,LARGE MARBLE
Image_886.jpg,BANDED ORANGE HELICONIAN
Image_887.jpg,LARGE MARBLE
Image_888.jpg,ORCHARD SWALLOW
Image_889.jpg,SCARCE SWALLOW
Image_890.jpg,ZEBRA LONG WING
Image_891.jpg,ORCHARD SWALLOW
Image_892.jpg,COMMON WOOD-NYMPH
Image_893.jpg,VICEROY
Image_894.jpg,QUESTION MARK
Image_895.jpg,ORCHARD SWALLOW
Image_896.jpg,LARGE MARBLE
Image_897.jpg,LARGE MARBLE
Image_898.jpg,ORCHARD SWALLOW
Image_899.jpg,BANDED ORANGE HELICONIAN
Image_900.jpg,ORCHARD SWALLOW
Image_901.jpg,SCARCE SWALLOW
Image_902.jpg,PEACOCK
Image_903.jpg,ORCHARD SWALLOW
Image_904.jpg,LARGE MARBLE
Image_905.jpg,COMMON WOOD-NYMPH
Image_906.jpg,GREEN CELLED CATTLEHEART
Image_907.jpg,GREEN CELLED CATTLEHEART
Image_908.jpg,VICEROY
Image_909.jpg,ORCHARD SWALLOW
Image_910.jpg,COMMON BANDED AWL
Image_911.jpg,LARGE MARBLE
Image_912.jpg,LARGE MARBLE
Image_913.jpg,ORCHARD SWALLOW
Image_914.jpg,AFRICAN GIANT SWALLOWTAIL
Image_915.jpg,COMMON WOOD-NYMPH
Image_916.jpg,BANDED ORANGE HELICONIAN
Image_917.jpg,BANDED ORANGE HELICONIAN
Image_918.jpg,COMMON WOOD-NYMPH
Image_919.jpg,ORANGE TIP
Image_920.jpg,TROPICAL LEAFWING
Image_921.jpg,ORCHARD SWALLOW
Image_922.jpg,ORANGE TIP
Image_923.jpg,ZEBRA LONG WING
Image_924.jpg,PIPEVINE SWALLOW
Image_925.jpg,ORCHARD SWALLOW
Image_926.jpg,ORCHARD SWALLOW
Image_927.jpg,ORCHARD SWALLOW
Image_928.jpg,PEACOCK
Image_929.jpg,PINE WHITE
Image_930.jpg,ORANGE TIP
Image_931.jpg,PEACOCK
Image_932.jpg,COMMON WOOD-NYMPH
Image_933.jpg,ORCHARD SWALLOW
Image_934.jpg,ZEBRA LONG WING
Image_935.jpg,PINE WHITE
Image_936.jpg,PEACOCK
Image_937.jpg,PEACOCK
Image_938.jpg,SOOTYWING
Image_939.jpg,BANDED ORANGE HELICONIAN
Image_940.jpg,LARGE MARBLE
Image_941.jpg,ORCHARD SWALLOW
Image_942.jpg,ZEBRA LONG WING
Image_943.jpg,ZEBRA LONG WING
Image_944.jpg,ADONIS
Image_945.jpg,BANDED ORANGE HELICONIAN
Image_946.jpg,BANDED ORANGE HELICONIAN
Image_947.jpg,LARGE MARBLE
Image_948.jpg,ZEBRA LONG WING
Image_949.jpg,LARGE MARBLE
Image_950.jpg,PEACOCK
Image_951.jpg,ORCHARD SWALLOW
Image_952.jpg,PEACOCK
Image_953.jpg,ORCHARD SWALLOW
Image_954.jpg,VICEROY
Image_955.jpg,ZEBRA LONG WING
Image_956.jpg,PEACOCK
Image_957.jpg,SILVER SPOT SKIPPER
Image_958.jpg,ZEBRA LONG WING
Image_959.jpg,ORCHARD SWALLOW
Image_960.jpg,COMMON WOOD-NYMPH
Image_961.jpg,VICEROY
Image_962.jpg,VICEROY
Image_963.jpg,LARGE MARBLE
Image_964.jpg,PEACOCK
Image_965.jpg,LARGE MARBLE
Image_966.jpg,COMMON WOOD-NYMPH
Image_967.jpg,PEACOCK
Image_968.jpg,LARGE MARBLE
Image_969.jpg,ORCHARD SWALLOW
Image_970.jpg,GREEN CELLED CATTLEHEART
Image_971.jpg,ZEBRA LONG WING
Image_972.jpg,ORCHARD SWALLOW
Image_973.jpg,MESTRA
Image_974.jpg,ORCHARD SWALLOW
Image_975.jpg,ORANGE TIP
Image_976.jpg,VICEROY
Image_977.jpg,ORCHARD SWALLOW
Image_978.jpg,PEACOCK
Image_979.jpg,SCARCE SWALLOW
Image_980.jpg,COMMON BANDED AWL
Image_981.jpg,ZEBRA LONG WING
Image_982.jpg,PEACOCK
Image_983.jpg,COMMON WOOD-NYMPH
Image_984.jpg,PEACOCK
Image_985.jpg,VICEROY
Image_986.jpg,ZEBRA LONG WING
Image_987.jpg,LARGE MARBLE
Image_988.jpg,LARGE MARBLE
Image_989.jpg,PEACOCK
Image_990.jpg,PEACOCK
Image_991.jpg,VICEROY
Image_992.jpg,ZEBRA LONG WING
Image_993.jpg,LARGE MARBLE
Image_994.jpg,ORCHARD SWALLOW
Image_995.jpg,ORCHARD SWALLOW
Image_996.jpg,VICEROY
Image_997.jpg,LARGE MARBLE
Image_998.jpg,ORCHARD SWALLOW
Image_999.jpg,BANDED ORANGE HELICONIAN
Image_1000.jpg,ZEBRA LONG WING
Image_1001.jpg,ORCHARD SWALLOW
Image_1002.jpg,PINE WHITE
Image_1003.jpg,PINE WHITE
Image_1004.jpg,ORCHARD SWALLOW
Image_1005.jpg,BANDED ORANGE HELICONIAN
Image_1006.jpg,ORCHARD SWALLOW
Image_1007.jpg,ORCHARD SWALLOW
Image_1008.jpg,VICEROY
Image_1009.jpg,GREEN CELLED CATTLEHEART
Image_1010.jpg,LARGE MARBLE
Image_1011.jpg,PEACOCK
Image_1012.jpg,PEACOCK
Image_1013.jpg,ORCHARD SWALLOW
Image_1014.jpg,ORCHARD SWALLOW
Image_1015.jpg,ORCHARD SWALLOW
Image_1016.jpg,ADONIS
Image_1017.jpg,ZEBRA LONG WING
Image_1018.jpg,PAPER KITE
Image_1019.jpg,MESTRA
Image_1020.jpg,GREAT EGGFLY
Image_1021.jpg,COMMON WOOD-NYMPH
Image_1022.jpg,COMMON WOOD-NYMPH
Image_1023.jpg,ORCHARD SWALLOW
Image_1024.jpg,LARGE MARBLE
Image_1025.jpg,IPHICLUS SISTER
Image_1026.jpg,BANDED ORANGE HELICONIAN
Image_1027.jpg,VICEROY
Image_1028.jpg,ORCHARD SWALLOW
Image_1029.jpg,WOOD SATYR
Image_1030.jpg,LARGE MARBLE
Image_1031.jpg,ORCHARD SWALLOW
Image_1032.jpg,WOOD SATYR
Image_1033.jpg,MESTRA
Image_1034.jpg,IPHICLUS SISTER
Image_1035.jpg,PEACOCK
Image_1036.jpg,GREEN CELLED CATTLEHEART
Image_1037.jpg,VICEROY
Image_1038.jpg,ADONIS
Image_1039.jpg,VICEROY
Image_1040.jpg,COMMON BANDED AWL
Image_1041.jpg,COMMON WOOD-NYMPH
Image_1042.jpg,LARGE MARBLE
Image_1043.jpg,AMERICAN SNOOT
Image_1044.jpg,BANDED ORANGE HELICONIAN
Image_1045.jpg,VICEROY
Image_1046.jpg,ORCHARD SWALLOW
Image_1047.jpg,COMMON WOOD-NYMPH
Image_1048.jpg,POPINJAY
Image_1049.jpg,SCARCE SWALLOW
Image_1050.jpg,PEACOCK
Image_1051.jpg,COMMON WOOD-NYMPH
Image_1052.jpg,ZEBRA LONG WING
Image_1053.jpg,AMERICAN SNOOT
Image_1054.jpg,ORCHARD SWALLOW
Image_1055.jpg,IPHICLUS SISTER
Image_1056.jpg,AFRICAN GIANT SWALLOWTAIL
Image_1057.jpg,CRECENT
Image_1058.jpg,ORCHARD SWALLOW
Image_1059.jpg,VICEROY
Image_1060.jpg,LARGE MARBLE
Image_1061.jpg,IPHICLUS SISTER
Image_1062.jpg,LARGE MARBLE
Image_1063.jpg,LARGE MARBLE
Image_1064.jpg,COMMON WOOD-NYMPH
Image_1065.jpg,ORCHARD SWALLOW
Image_1066.jpg,ORCHARD SWALLOW
Image_1067.jpg,ORCHARD SWALLOW
Image_1068.jpg,TROPICAL LEAFWING
Image_1069.jpg,JULIA
Image_1070.jpg,ZEBRA LONG WING
Image_1071.jpg,COMMON WOOD-NYMPH
Image_1072.jpg,ZEBRA LONG WING
Image_1073.jpg,VICEROY
Image_1074.jpg,LARGE MARBLE
Image_1075.jpg,LARGE MARBLE
Image_1076.jpg,LARGE MARBLE
Image_1077.jpg,PINE WHITE
Image_1078.jpg,LARGE MARBLE
Image_1079.jpg,VICEROY
Image_1080.jpg,VICEROY
Image_1081.jpg,VICEROY
Image_1082.jpg,ZEBRA LONG WING
Image_1083.jpg,ORCHARD SWALLOW
Image_1084.jpg,PEACOCK
Image_1085.jpg,LARGE MARBLE
Image_1086.jpg,BANDED ORANGE HELICONIAN
Image_1087.jpg,PEACOCK
Image_1088.jpg,QUESTION MARK
Image_1089.jpg,ORANGE TIP
Image_1090.jpg,LARGE MARBLE
Image_1091.jpg,GREEN CELLED CATTLEHEART
Image_1092.jpg,ZEBRA LONG WING
Image_1093.jpg,ZEBRA LONG WING
Image_1094.jpg,LARGE MARBLE
Image_1095.jpg,LARGE MARBLE
Image_1096.jpg,ORCHARD SWALLOW
Image_1097.jpg,SCARCE SWALLOW
Image_1098.jpg,LARGE MARBLE
Image_1099.jpg,ORCHARD SWALLOW
Image_1100.jpg,ZEBRA LONG WING
Image_1101.jpg,ADONIS
Image_1102.jpg,ORCHARD SWALLOW
Image_1103.jpg,COMMON WOOD-NYMPH
Image_1104.jpg,ORCHARD SWALLOW
Image_1105.jpg,VICEROY
Image_1106.jpg,ORCHARD SWALLOW
Image_1107.jpg,PEACOCK
Image_1108.jpg,PEACOCK
Image_1109.jpg,COMMON WOOD-NYMPH
Image_1110.jpg,BANDED ORANGE HELICONIAN
Image_1111.jpg,COMMON BANDED AWL
Image_1112.jpg,COMMON WOOD-NYMPH
Image_1113.jpg,MESTRA
Image_1114.jpg,VICEROY
Image_1115.jpg,VICEROY
Image_1116.jpg,LARGE MARBLE
Image_1117.jpg,GREY HAIRSTREAK
Image_1118.jpg,PEACOCK
Image_1119.jpg,LARGE MARBLE
Image_1120.jpg,ORCHARD SWALLOW
Image_1121.jpg,ZEBRA LONG WING
Image_1122.jpg,LARGE MARBLE
Image_1123.jpg,MESTRA
Image_1124.jpg,BANDED ORANGE HELICONIAN
Image_1125.jpg,BANDED ORANGE HELICONIAN
Image_1126.jpg,AMERICAN SNOOT
Image_1127.jpg,PEACOCK
Image_1128.jpg,BANDED ORANGE HELICONIAN
Image_1129.jpg,PEACOCK
Image_1130.jpg,COMMON WOOD-NYMPH
Image_1131.jpg,ZEBRA LONG WING
Image_1132.jpg,VICEROY
Image_1133.jpg,LARGE MARBLE
Image_1134.jpg,PEACOCK
Image_1135.jpg,ORCHARD SWALLOW
Image_1136.jpg,BANDED ORANGE HELICONIAN
Image_1137.jpg,ORCHARD SWALLOW
Image_1138.jpg,BANDED ORANGE HELICONIAN
Image_1139.jpg,ORCHARD SWALLOW
Image_1140.jpg,PEACOCK
Image_1141.jpg,LARGE MARBLE
Image_1142.jpg,PAPER KITE
Image_1143.jpg,ORCHARD SWALLOW
Image_1144.jpg,IPHICLUS SISTER
Image_1145.jpg,GREAT JAY
Image_1146.jpg,POPINJAY
Image_1147.jpg,ORCHARD SWALLOW
Image_1148.jpg,SCARCE SWALLOW
Image_1149.jpg,PEACOCK
Image_1150.jpg,ORCHARD SWALLOW
Image_1151.jpg,ZEBRA LONG WING
Image_1152.jpg,COMMON WOOD-NYMPH
Image_1153.jpg,ORCHARD SWALLOW
Image_1154.jpg,PEACOCK
Image_1155.jpg,ORCHARD SWALLOW
Image_1156.jpg,TROPICAL LEAFWING
Image_1157.jpg,TROPICAL LEAFWING
Image_1158.jpg,ORCHARD SWALLOW
Image_1159.jpg,ORCHARD SWALLOW
Image_1160.jpg,COMMON BANDED AWL
Image_1161.jpg,VICEROY
Image_1162.jpg,ATALA
Image_1163.jpg,ORCHARD SWALLOW
Image_1164.jpg,PEACOCK
Image_1165.jpg,COMMON WOOD-NYMPH
Image_1166.jpg,RED ADMIRAL
Image_1167.jpg,GREEN CELLED CATTLEHEART
Image_1168.jpg,POPINJAY
Image_1169.jpg,JULIA
Image_1170.jpg,ORCHARD SWALLOW
Image_1171.jpg,AMERICAN SNOOT
Image_1172.jpg,ADONIS
Image_1173.jpg,ORCHARD SWALLOW
Image_1174.jpg,PEACOCK
Image_1175.jpg,ORCHARD SWALLOW
Image_1176.jpg,BANDED ORANGE HELICONIAN
Image_1177.jpg,COMMON WOOD-NYMPH
Image_1178.jpg,ZEBRA LONG WING
Image_1179.jpg,PEACOCK
Image_1180.jpg,LARGE MARBLE
Image_1181.jpg,GREEN CELLED CATTLEHEART
Image_1182.jpg,LARGE MARBLE
Image_1183.jpg,VICEROY
Image_1184.jpg,ZEBRA LONG WING
Image_1185.jpg,VICEROY
Image_1186.jpg,ORCHARD SWALLOW
Image_1187.jpg,PIPEVINE SWALLOW
Image_1188.jpg,VICEROY
Image_1189.jpg,VICEROY
Image_1190.jpg,ORCHARD SWALLOW
Image_1191.jpg,COMMON WOOD-NYMPH
Image_1192.jpg,LARGE MARBLE
Image_1193.jpg,QUESTION MARK
Image_1194.jpg,ORCHARD SWALLOW
Image_1195.jpg,VICEROY
Image_1196.jpg,ORCHARD SWALLOW
Image_1197.jpg,ORANGE TIP
Image_1198.jpg,LARGE MARBLE
Image_1199.jpg,VICEROY
Image_1200.jpg,ORCHARD SWALLOW
Image_1201.jpg,COMMON BANDED AWL
Image_1202.jpg,GREEN CELLED CATTLEHEART
Image_1203.jpg,ORCHARD SWALLOW
Image_1204.jpg,POPINJAY
Image_1205.jpg,COPPER TAIL
Image_1206.jpg,LARGE MARBLE
Image_1207.jpg,AMERICAN SNOOT
Image_1208.jpg,ORCHARD SWALLOW
Image_1209.jpg,COMMON WOOD-NYMPH
Image_1210.jpg,ZEBRA LONG WING
Image_1211.jpg,ORCHARD SWALLOW
Image_1212.jpg,ORCHARD SWALLOW
Image_1213.jpg,ORCHARD SWALLOW
Image_1214.jpg,LARGE MARBLE
Image_1215.jpg,ORCHARD SWALLOW
Image_1216.jpg,PEACOCK
Image_1217.jpg,AMERICAN SNOOT
Image_1218.jpg,BANDED ORANGE HELICONIAN
Image_1219.jpg,LARGE MARBLE
Image_1220.jpg,LARGE MARBLE
Image_1221.jpg,COMMON WOOD-NYMPH
Image_1222.jpg,VICEROY
Image_1223.jpg,ORCHARD SWALLOW
Image_1224.jpg,LARGE MARBLE
Image_1225.jpg,LARGE MARBLE
Image_1226.jpg,LARGE MARBLE
Image_1227.jpg,ORCHARD SWALLOW
Image_1228.jpg,BANDED ORANGE HELICONIAN
Image_1229.jpg,VICEROY
Image_1230.jpg,ORCHARD SWALLOW
Image_1231.jpg,PAINTED LADY
Image_1232.jpg,ORANGE TIP
Image_1233.jpg,ADONIS
Image_1234.jpg,VICEROY
Image_1235.jpg,ZEBRA LONG WING
Image_1236.jpg,ORCHARD SWALLOW
Image_1237.jpg,ORCHARD SWALLOW
Image_1238.jpg,VICEROY
Image_1239.jpg,TROPICAL LEAFWING
Image_1240.jpg,COMMON WOOD-NYMPH
Image_1241.jpg,PEACOCK
Image_1242.jpg,LARGE MARBLE
Image_1243.jpg,AMERICAN SNOOT
Image_1244.jpg,ZEBRA LONG WING
Image_1245.jpg,VICEROY
Image_1246.jpg,COMMON BANDED AWL
Image_1247.jpg,ORCHARD SWALLOW
Image_1248.jpg,ZEBRA LONG WING
Image_1249.jpg,PEACOCK
Image_1250.jpg,COMMON WOOD-NYMPH
Image_1251.jpg,PEACOCK
Image_1252.jpg,BANDED ORANGE HELICONIAN
Image_1253.jpg,VICEROY
Image_1254.jpg,PEACOCK
Image_1255.jpg,COMMON WOOD-NYMPH
Image_1256.jpg,ORCHARD SWALLOW
Image_1257.jpg,ORCHARD SWALLOW
Image_1258.jpg,AMERICAN SNOOT
Image_1259.jpg,ORCHARD SWALLOW
Image_1260.jpg,BANDED ORANGE HELICONIAN
Image_1261.jpg,WOOD SATYR
Image_1262.jpg,TROPICAL LEAFWING
Image_1263.jpg,TROPICAL LEAFWING
Image_1264.jpg,TROPICAL LEAFWING
Image_1265.jpg,POPINJAY
Image_1266.jpg,ORCHARD SWALLOW
Image_1267.jpg,PINE WHITE
Image_1268.jpg,AMERICAN SNOOT
Image_1269.jpg,ORCHARD SWALLOW
Image_1270.jpg,ZEBRA LONG WING
Image_1271.jpg,WOOD SATYR
Image_1272.jpg,TWO BARRED FLASHER
Image_1273.jpg,LARGE MARBLE
Image_1274.jpg,PEACOCK
Image_1275.jpg,PEACOCK
Image_1276.jpg,VICEROY
Image_1277.jpg,ORCHARD SWALLOW
Image_1278.jpg,LARGE MARBLE
Image_1279.jpg,ORCHARD SWALLOW
Image_1280.jpg,ORCHARD SWALLOW
Image_1281.jpg,GREEN CELLED CATTLEHEART
Image_1282.jpg,ZEBRA LONG WING
Image_1283.jpg,ORCHARD SWALLOW
Image_1284.jpg,PEACOCK
Image_1285.jpg,POPINJAY
Image_1286.jpg,BANDED ORANGE HELICONIAN
Image_1287.jpg,COMMON BANDED AWL
Image_1288.jpg,BANDED ORANGE HELICONIAN
Image_1289.jpg,ORCHARD SWALLOW
Image_1290.jpg,COMMON WOOD-NYMPH
Image_1291.jpg,PEACOCK
Image_1292.jpg,ORCHARD SWALLOW
Image_1293.jpg,PEACOCK
Image_1294.jpg,LARGE MARBLE
Image_1295.jpg,VICEROY
Image_1296.jpg,ORCHARD SWALLOW
Image_1297.jpg,COMMON WOOD-NYMPH
Image_1298.jpg,VICEROY
Image_1299.jpg,LARGE MARBLE
Image_1300.jpg,ORCHARD SWALLOW
Image_1301.jpg,CRECENT
Image_1302.jpg,ORCHARD SWALLOW
Image_1303.jpg,VICEROY
Image_1304.jpg,ORCHARD SWALLOW
Image_1305.jpg,SCARCE SWALLOW
Image_1306.jpg,ORCHARD SWALLOW
Image_1307.jpg,VICEROY
Image_1308.jpg,PEACOCK
Image_1309.jpg,BANDED ORANGE HELICONIAN
Image_1310.jpg,ORCHARD SWALLOW
Image_1311.jpg,COMMON BANDED AWL
Image_1312.jpg,LARGE MARBLE
Image_1313.jpg,LARGE MARBLE
Image_1314.jpg,SILVER SPOT SKIPPER
Image_1315.jpg,GREEN CELLED CATTLEHEART
Image_1316.jpg,BANDED ORANGE HELICONIAN
Image_1317.jpg,LARGE MARBLE
Image_1318.jpg,ZEBRA LONG WING
Image_1319.jpg,RED ADMIRAL
Image_1320.jpg,VICEROY
Image_1321.jpg,ORCHARD SWALLOW
Image_1322.jpg,ADONIS
Image_1323.jpg,LARGE MARBLE
Image_1324.jpg,ORANGE TIP
Image_1325.jpg,COMMON WOOD-NYMPH
Image_1326.jpg,PEACOCK
Image_1327.jpg,PEACOCK
Image_1328.jpg,POPINJAY
Image_1329.jpg,ORCHARD SWALLOW
Image_1330.jpg,BANDED ORANGE HELICONIAN
Image_1331.jpg,VICEROY
Image_1332.jpg,VICEROY
Image_1333.jpg,VICEROY
Image_1334.jpg,ORCHARD SWALLOW
Image_1335.jpg,PEACOCK
Image_1336.jpg,ORCHARD SWALLOW
Image_1337.jpg,PEACOCK
Image_1338.jpg,MESTRA
Image_1339.jpg,ORCHARD SWALLOW
Image_1340.jpg,PEACOCK
Image_1341.jpg,AMERICAN SNOOT
Image_1342.jpg,COMMON WOOD-NYMPH
Image_1343.jpg,LARGE MARBLE
Image_1344.jpg,ORCHARD SWALLOW
Image_1345.jpg,VICEROY
Image_1346.jpg,VICEROY
Image_1347.jpg,WOOD SATYR
Image_1348.jpg,PEACOCK
Image_1349.jpg,LARGE MARBLE
Image_1350.jpg,VICEROY
Image_1351.jpg,PEACOCK
Image_1352.jpg,COMMON WOOD-NYMPH
Image_1353.jpg,AMERICAN SNOOT
Image_1354.jpg,VICEROY
Image_1355.jpg,AMERICAN SNOOT
Image_1356.jpg,IPHICLUS SISTER
Image_1357.jpg,AMERICAN SNOOT
Image_1358.jpg,VICEROY
Image_1359.jpg,ORCHARD SWALLOW
Image_1360.jpg,ORCHARD SWALLOW
Image_1361.jpg,SCARCE SWALLOW
Image_1362.jpg,CHESTNUT
Image_1363.jpg,RED ADMIRAL
Image_1364.jpg,PEACOCK
Image_1365.jpg,VICEROY
Image_1366.jpg,ORCHARD SWALLOW
Image_1367.jpg,PEACOCK
Image_1368.jpg,GREEN CELLED CATTLEHEART
Image_1369.jpg,PEACOCK
Image_1370.jpg,TROPICAL LEAFWING
Image_1371.jpg,LARGE MARBLE
Image_1372.jpg,CHECQUERED SKIPPER
Image_1373.jpg,VICEROY
Image_1374.jpg,VICEROY
Image_1375.jpg,ZEBRA LONG WING
Image_1376.jpg,ORCHARD SWALLOW
Image_1377.jpg,COMMON BANDED AWL
Image_1378.jpg,COPPER TAIL
Image_1379.jpg,ORCHARD SWALLOW
Image_1380.jpg,PEACOCK
Image_1381.jpg,TROPICAL LEAFWING
Image_1382.jpg,GREEN CELLED CATTLEHEART
Image_1383.jpg,GREEN CELLED CATTLEHEART
Image_1384.jpg,PEACOCK
Image_1385.jpg,ORCHARD SWALLOW
Image_1386.jpg,ORCHARD SWALLOW
Image_1387.jpg,LARGE MARBLE
Image_1388.jpg,GREEN CELLED CATTLEHEART
Image_1389.jpg,PEACOCK
Image_1390.jpg,LARGE MARBLE
Image_1391.jpg,ORCHARD SWALLOW
Image_1392.jpg,AMERICAN SNOOT
Image_1393.jpg,MESTRA
Image_1394.jpg,MILBERTS TORTOISESHELL
Image_1395.jpg,PEACOCK
Image_1396.jpg,PEACOCK
Image_1397.jpg,ORCHARD SWALLOW
Image_1398.jpg,SCARCE SWALLOW
Image_1399.jpg,VICEROY
Image_1400.jpg,VICEROY
Image_1401.jpg,LARGE MARBLE
Image_1402.jpg,ORCHARD SWALLOW
Image_1403.jpg,ORCHARD SWALLOW
Image_1404.jpg,COMMON BANDED AWL
Image_1405.jpg,LARGE MARBLE
Image_1406.jpg,LARGE MARBLE
Image_1407.jpg,COMMON WOOD-NYMPH
Image_1408.jpg,PEACOCK
Image_1409.jpg,ORANGE TIP
Image_1410.jpg,COMMON WOOD-NYMPH
Image_1411.jpg,LARGE MARBLE
Image_1412.jpg,ORCHARD SWALLOW
Image_1413.jpg,COMMON WOOD-NYMPH
Image_1414.jpg,LARGE MARBLE
Image_1415.jpg,ORCHARD SWALLOW
Image_1416.jpg,LARGE MARBLE
Image_1417.jpg,ORCHARD SWALLOW
Image_1418.jpg,COMMON WOOD-NYMPH
Image_1419.jpg,ORCHARD SWALLOW
Image_1420.jpg,BANDED ORANGE HELICONIAN
Image_1421.jpg,COMMON WOOD-NYMPH
Image_1422.jpg,ORCHARD SWALLOW
Image_1423.jpg,BANDED ORANGE HELICONIAN
Image_1424.jpg,ORCHARD SWALLOW
Image_1425.jpg,LARGE MARBLE
Image_1426.jpg,LARGE MARBLE
Image_1427.jpg,SCARCE SWALLOW
Image_1428.jpg,ADONIS
Image_1429.jpg,ORCHARD SWALLOW
Image_1430.jpg,ORCHARD SWALLOW
Image_1431.jpg,ORCHARD SWALLOW
Image_1432.jpg,BANDED ORANGE HELICONIAN
Image_1433.jpg,ORCHARD SWALLOW
Image_1434.jpg,ORCHARD SWALLOW
Image_1435.jpg,AMERICAN SNOOT
Image_1436.jpg,ORCHARD SWALLOW
Image_1437.jpg,COPPER TAIL
Image_1438.jpg,VICEROY
Image_1439.jpg,ADONIS
Image_1440.jpg,SLEEPY ORANGE
Image_1441.jpg,VICEROY
Image_1442.jpg,LARGE MARBLE
Image_1443.jpg,VICEROY
Image_1444.jpg,ORCHARD SWALLOW
Image_1445.jpg,ORCHARD SWALLOW
Image_1446.jpg,LARGE MARBLE
Image_1447.jpg,AMERICAN SNOOT
Image_1448.jpg,COMMON WOOD-NYMPH
Image_1449.jpg,ORCHARD SWALLOW
Image_1450.jpg,TROPICAL LEAFWING
Image_1451.jpg,COMMON WOOD-NYMPH
Image_1452.jpg,ORCHARD SWALLOW
Image_1453.jpg,PEACOCK
Image_1454.jpg,BANDED ORANGE HELICONIAN
Image_1455.jpg,ZEBRA LONG WING
Image_1456.jpg,COMMON BANDED AWL
Image_1457.jpg,CHECQUERED SKIPPER
Image_1458.jpg,PEACOCK
Image_1459.jpg,ORCHARD SWALLOW
Image_1460.jpg,ZEBRA LONG WING
Image_1461.jpg,ZEBRA LONG WING
Image_1462.jpg,COMMON WOOD-NYMPH
Image_1463.jpg,SCARCE SWALLOW
Image_1464.jpg,ORCHARD SWALLOW
Image_1465.jpg,ORCHARD SWALLOW
Image_1466.jpg,ORCHARD SWALLOW
Image_1467.jpg,BANDED ORANGE HELICONIAN
Image_1468.jpg,COMMON WOOD-NYMPH
Image_1469.jpg,ORCHARD SWALLOW
Image_1470.jpg,PEACOCK
Image_1471.jpg,BANDED ORANGE HELICONIAN
Image_1472.jpg,LARGE MARBLE
Image_1473.jpg,PEACOCK
Image_1474.jpg,ORANGE TIP
Image_1475.jpg,PEACOCK
Image_1476.jpg,LARGE MARBLE
Image_1477.jpg,LARGE MARBLE
Image_1478.jpg,ORCHARD SWALLOW
Image_1479.jpg,ORCHARD SWALLOW
Image_1480.jpg,ORCHARD SWALLOW
Image_1481.jpg,ORCHARD SWALLOW
Image_1482.jpg,LARGE MARBLE
Image_1483.jpg,AMERICAN SNOOT
Image_1484.jpg,ORCHARD SWALLOW
Image_1485.jpg,ORCHARD SWALLOW
Image_1486.jpg,SCARCE SWALLOW
Image_1487.jpg,BANDED ORANGE HELICONIAN
Image_1488.jpg,AMERICAN SNOOT
Image_1489.jpg,VICEROY
Image_1490.jpg,LARGE MARBLE
Image_1491.jpg,ORCHARD SWALLOW
Image_1492.jpg,ZEBRA LONG WING
Image_1493.jpg,AMERICAN SNOOT
Image_1494.jpg,ZEBRA LONG WING
Image_1495.jpg,ORCHARD SWALLOW
Image_1496.jpg,BANDED ORANGE HELICONIAN
Image_1497.jpg,SLEEPY ORANGE
Image_1498.jpg,ORCHARD SWALLOW
Image_1499.jpg,LARGE MARBLE
Image_1500.jpg,BANDED ORANGE HELICONIAN
Image_1501.jpg,ORCHARD SWALLOW
Image_1502.jpg,ADONIS
Image_1503.jpg,WOOD SATYR
Image_1504.jpg,GREEN CELLED CATTLEHEART
Image_1505.jpg,ZEBRA LONG WING
Image_1506.jpg,ORCHARD SWALLOW
Image_1507.jpg,TROPICAL LEAFWING
Image_1508.jpg,COMMON WOOD-NYMPH
Image_1509.jpg,VICEROY
Image_1510.jpg,LARGE MARBLE
Image_1511.jpg,COMMON WOOD-NYMPH
Image_1512.jpg,GREEN CELLED CATTLEHEART
Image_1513.jpg,PEACOCK
Image_1514.jpg,LARGE MARBLE
Image_1515.jpg,LARGE MARBLE
Image_1516.jpg,PEACOCK
Image_1517.jpg,PURPLISH COPPER
Image_1518.jpg,BANDED ORANGE HELICONIAN
Image_1519.jpg,ORCHARD SWALLOW
Image_1520.jpg,LARGE MARBLE
Image_1521.jpg,VICEROY
Image_1522.jpg,AFRICAN GIANT SWALLOWTAIL
Image_1523.jpg,ORCHARD SWALLOW
Image_1524.jpg,LARGE MARBLE
Image_1525.jpg,SCARCE SWALLOW
Image_1526.jpg,ORCHARD SWALLOW
Image_1527.jpg,ZEBRA LONG WING
Image_1528.jpg,ORCHARD SWALLOW
Image_1529.jpg,ADONIS
Image_1530.jpg,POPINJAY
Image_1531.jpg,ORCHARD SWALLOW
Image_1532.jpg,PEACOCK
Image_1533.jpg,ORCHARD SWALLOW
Image_1534.jpg,VICEROY
Image_1535.jpg,VICEROY
Image_1536.jpg,RED ADMIRAL
Image_1537.jpg,POPINJAY
Image_1538.jpg,VICEROY
Image_1539.jpg,ORCHARD SWALLOW
Image_1540.jpg,PAPER KITE
Image_1541.jpg,PEACOCK
Image_1542.jpg,WOOD SATYR
Image_1543.jpg,ORCHARD SWALLOW
Image_1544.jpg,LARGE MARBLE
Image_1545.jpg,LARGE MARBLE
Image_1546.jpg,ORCHARD SWALLOW
Image_1547.jpg,ORCHARD SWALLOW
Image_1548.jpg,VICEROY
Image_1549.jpg,COMMON WOOD-NYMPH
Image_1550.jpg,COMMON WOOD-NYMPH
Image_1551.jpg,ORCHARD SWALLOW
Image_1552.jpg,ORCHARD SWALLOW
Image_1553.jpg,VICEROY
Image_1554.jpg,LARGE MARBLE
Image_1555.jpg,SCARCE SWALLOW
Image_1556.jpg,ORCHARD SWALLOW
Image_1557.jpg,LARGE MARBLE
Image_1558.jpg,LARGE MARBLE
Image_1559.jpg,SCARCE SWALLOW
Image_1560.jpg,PURPLISH COPPER
Image_1561.jpg,PEACOCK
Image_1562.jpg,LARGE MARBLE
Image_1563.jpg,GREEN CELLED CATTLEHEART
Image_1564.jpg,LARGE MARBLE
Image_1565.jpg,ORCHARD SWALLOW
Image_1566.jpg,ORCHARD SWALLOW
Image_1567.jpg,ORCHARD SWALLOW
Image_1568.jpg,AMERICAN SNOOT
Image_1569.jpg,PAPER KITE
Image_1570.jpg,COPPER TAIL
Image_1571.jpg,PEACOCK
Image_1572.jpg,IPHICLUS SISTER
Image_1573.jpg,ORCHARD SWALLOW
Image_1574.jpg,PEACOCK
Image_1575.jpg,LARGE MARBLE
Image_1576.jpg,ORCHARD SWALLOW
Image_1577.jpg,PEACOCK
Image_1578.jpg,ORCHARD SWALLOW
Image_1579.jpg,VICEROY
Image_1580.jpg,ORCHARD SWALLOW
Image_1581.jpg,ORANGE TIP
Image_1582.jpg,LARGE MARBLE
Image_1583.jpg,ORCHARD SWALLOW
Image_1584.jpg,RED ADMIRAL
Image_1585.jpg,ZEBRA LONG WING
Image_1586.jpg,GREEN CELLED CATTLEHEART
Image_1587.jpg,ORCHARD SWALLOW
Image_1588.jpg,ORCHARD SWALLOW
Image_1589.jpg,LARGE MARBLE
Image_1590.jpg,MESTRA
Image_1591.jpg,ORCHARD SWALLOW
Image_1592.jpg,LARGE MARBLE
Image_1593.jpg,ZEBRA LONG WING
Image_1594.jpg,LARGE MARBLE
Image_1595.jpg,COMMON WOOD-NYMPH
Image_1596.jpg,VICEROY
Image_1597.jpg,AMERICAN SNOOT
Image_1598.jpg,PEACOCK
Image_1599.jpg,PEACOCK
Image_1600.jpg,ORCHARD SWALLOW
Image_1601.jpg,ADONIS
Image_1602.jpg,ORCHARD SWALLOW
Image_1603.jpg,ORCHARD SWALLOW
Image_1604.jpg,LARGE MARBLE
Image_1605.jpg,BANDED ORANGE HELICONIAN
Image_1606.jpg,GREEN CELLED CATTLEHEART
Image_1607.jpg,VICEROY
Image_1608.jpg,ORCHARD SWALLOW
Image_1609.jpg,COMMON WOOD-NYMPH
Image_1610.jpg,SCARCE SWALLOW
Image_1611.jpg,JULIA
Image_1612.jpg,ORCHARD SWALLOW
Image_1613.jpg,TROPICAL LEAFWING
Image_1614.jpg,AMERICAN SNOOT
Image_1615.jpg,PEACOCK
Image_1616.jpg,ZEBRA LONG WING
Image_1617.jpg,PEACOCK
Image_1618.jpg,PEACOCK
Image_1619.jpg,BANDED ORANGE HELICONIAN
Image_1620.jpg,ZEBRA LONG WING
Image_1621.jpg,PEACOCK
Image_1622.jpg,ZEBRA LONG WING
Image_1623.jpg,ORCHARD SWALLOW
Image_1624.jpg,LARGE MARBLE
Image_1625.jpg,PEACOCK
Image_1626.jpg,COMMON WOOD-NYMPH
Image_1627.jpg,ORCHARD SWALLOW
Image_1628.jpg,ORCHARD SWALLOW
Image_1629.jpg,COMMON WOOD-NYMPH
Image_1630.jpg,AN 88
Image_1631.jpg,AMERICAN SNOOT
Image_1632.jpg,LARGE MARBLE
Image_1633.jpg,SILVER SPOT SKIPPER
Image_1634.jpg,LARGE MARBLE
Image_1635.jpg,VICEROY
Image_1636.jpg,ORCHARD SWALLOW
Image_1637.jpg,BANDED ORANGE HELICONIAN
Image_1638.jpg,PEACOCK
Image_1639.jpg,ADONIS
Image_1640.jpg,COMMON WOOD-NYMPH
Image_1641.jpg,MESTRA
Image_1642.jpg,TROPICAL LEAFWING
Image_1643.jpg,LARGE MARBLE
Image_1644.jpg,ORCHARD SWALLOW
Image_1645.jpg,ZEBRA LONG WING
Image_1646.jpg,LARGE MARBLE
Image_1647.jpg,TROPICAL LEAFWING
Image_1648.jpg,GREEN CELLED CATTLEHEART
Image_1649.jpg,COMMON WOOD-NYMPH
Image_1650.jpg,ORCHARD SWALLOW
Image_1651.jpg,ORCHARD SWALLOW
Image_1652.jpg,BANDED ORANGE HELICONIAN
Image_1653.jpg,ZEBRA LONG WING
Image_1654.jpg,ORCHARD SWALLOW
Image_1655.jpg,ORCHARD SWALLOW
Image_1656.jpg,LARGE MARBLE
Image_1657.jpg,COMMON WOOD-NYMPH
Image_1658.jpg,VICEROY
Image_1659.jpg,LARGE MARBLE
Image_1660.jpg,COMMON WOOD-NYMPH
Image_1661.jpg,AMERICAN SNOOT
Image_1662.jpg,COMMON WOOD-NYMPH
Image_1663.jpg,PEACOCK
Image_1664.jpg,BANDED ORANGE HELICONIAN
Image_1665.jpg,VICEROY
Image_1666.jpg,ORCHARD SWALLOW
Image_1667.jpg,GREEN CELLED CATTLEHEART
Image_1668.jpg,PEACOCK
Image_1669.jpg,ORCHARD SWALLOW
Image_1670.jpg,COMMON WOOD-NYMPH
Image_1671.jpg,ORANGE TIP
Image_1672.jpg,COMMON BANDED AWL
Image_1673.jpg,QUESTION MARK
Image_1674.jpg,LARGE MARBLE
Image_1675.jpg,COMMON WOOD-NYMPH
Image_1676.jpg,COMMON WOOD-NYMPH
Image_1677.jpg,ORCHARD SWALLOW
Image_1678.jpg,ORCHARD SWALLOW
Image_1679.jpg,ORCHARD SWALLOW
Image_1680.jpg,ZEBRA LONG WING
Image_1681.jpg,ORCHARD SWALLOW
Image_1682.jpg,GREEN CELLED CATTLEHEART
Image_1683.jpg,PEACOCK
Image_1684.jpg,ORCHARD SWALLOW
Image_1685.jpg,LARGE MARBLE
Image_1686.jpg,PEACOCK
Image_1687.jpg,LARGE MARBLE
Image_1688.jpg,GREEN CELLED CATTLEHEART
Image_1689.jpg,PEACOCK
Image_1690.jpg,ADONIS
Image_1691.jpg,ORCHARD SWALLOW
Image_1692.jpg,ORCHARD SWALLOW
Image_1693.jpg,ORCHARD SWALLOW
Image_1694.jpg,LARGE MARBLE
Image_1695.jpg,VICEROY
Image_1696.jpg,LARGE MARBLE
Image_1697.jpg,ORCHARD SWALLOW
Image_1698.jpg,QUESTION MARK
Image_1699.jpg,COMMON BANDED AWL
Image_1700.jpg,SCARCE SWALLOW
Image_1701.jpg,ORCHARD SWALLOW
Image_1702.jpg,LARGE MARBLE
Image_1703.jpg,VICEROY
Image_1704.jpg,IPHICLUS SISTER
Image_1705.jpg,ORCHARD SWALLOW
Image_1706.jpg,COMMON WOOD-NYMPH
Image_1707.jpg,ORCHARD SWALLOW
Image_1708.jpg,ZEBRA LONG WING
Image_1709.jpg,COMMON WOOD-NYMPH
Image_1710.jpg,VICEROY
Image_1711.jpg,ORANGE TIP
Image_1712.jpg,GREEN CELLED CATTLEHEART
Image_1713.jpg,ORCHARD SWALLOW
Image_1714.jpg,VICEROY
Image_1715.jpg,ORCHARD SWALLOW
Image_1716.jpg,ORCHARD SWALLOW
Image_1717.jpg,COMMON WOOD-NYMPH
Image_1718.jpg,AFRICAN GIANT SWALLOWTAIL
Image_1719.jpg,ORCHARD SWALLOW
Image_1720.jpg,PEACOCK
Image_1721.jpg,LARGE MARBLE
Image_1722.jpg,ORCHARD SWALLOW
Image_1723.jpg,VICEROY
Image_1724.jpg,COMMON WOOD-NYMPH
Image_1725.jpg,ORCHARD SWALLOW
Image_1726.jpg,PEACOCK
Image_1727.jpg,GREEN CELLED CATTLEHEART
Image_1728.jpg,TROPICAL LEAFWING
Image_1729.jpg,ORCHARD SWALLOW
Image_1730.jpg,COMMON BANDED AWL
Image_1731.jpg,ORCHARD SWALLOW
Image_1732.jpg,COMMON WOOD-NYMPH
Image_1733.jpg,ORCHARD SWALLOW
Image_1734.jpg,ORCHARD SWALLOW
Image_1735.jpg,ORCHARD SWALLOW
Image_1736.jpg,ORCHARD SWALLOW
Image_1737.jpg,ADONIS
Image_1738.jpg,ORCHARD SWALLOW
Image_1739.jpg,RED ADMIRAL
Image_1740.jpg,GREEN CELLED CATTLEHEART
Image_1741.jpg,PEACOCK
Image_1742.jpg,LARGE MARBLE
Image_1743.jpg,ORCHARD SWALLOW
Image_1744.jpg,LARGE MARBLE
Image_1745.jpg,PEACOCK
Image_1746.jpg,GREAT JAY
Image_1747.jpg,VICEROY
Image_1748.jpg,VICEROY
Image_1749.jpg,LARGE MARBLE
Image_1750.jpg,PEACOCK
Image_1751.jpg,LARGE MARBLE
Image_1752.jpg,ORCHARD SWALLOW
Image_1753.jpg,TROPICAL LEAFWING
Image_1754.jpg,GREEN CELLED CATTLEHEART
Image_1755.jpg,BLUE SPOTTED CROW
Image_1756.jpg,ORCHARD SWALLOW
Image_1757.jpg,PEACOCK
Image_1758.jpg,VICEROY
Image_1759.jpg,LARGE MARBLE
Image_1760.jpg,ORANGE TIP
Image_1761.jpg,LARGE MARBLE
Image_1762.jpg,ORCHARD SWALLOW
Image_1763.jpg,PEACOCK
Image_1764.jpg,ZEBRA LONG WING
Image_1765.jpg,BANDED ORANGE HELICONIAN
Image_1766.jpg,COMMON WOOD-NYMPH
Image_1767.jpg,PEACOCK
Image_1768.jpg,ORCHARD SWALLOW
Image_1769.jpg,SCARCE SWALLOW
Image_1770.jpg,ORCHARD SWALLOW
Image_1771.jpg,AMERICAN SNOOT
Image_1772.jpg,ORCHARD SWALLOW
Image_1773.jpg,VICEROY
Image_1774.jpg,COMMON BANDED AWL
Image_1775.jpg,LARGE MARBLE
Image_1776.jpg,ORCHARD SWALLOW
Image_1777.jpg,LARGE MARBLE
Image_1778.jpg,ORCHARD SWALLOW
Image_1779.jpg,SCARCE SWALLOW
Image_1780.jpg,ORCHARD SWALLOW
Image_1781.jpg,LARGE MARBLE
Image_1782.jpg,COMMON WOOD-NYMPH
Image_1783.jpg,ZEBRA LONG WING
Image_1784.jpg,ORCHARD SWALLOW
Image_1785.jpg,ZEBRA LONG WING
Image_1786.jpg,PEACOCK
Image_1787.jpg,COMMON WOOD-NYMPH
Image_1788.jpg,COMMON BANDED AWL
Image_1789.jpg,SCARCE SWALLOW
Image_1790.jpg,VICEROY
Image_1791.jpg,ORCHARD SWALLOW
Image_1792.jpg,AMERICAN SNOOT
Image_1793.jpg,SILVER SPOT SKIPPER
Image_1794.jpg,VICEROY
Image_1795.jpg,LARGE MARBLE
Image_1796.jpg,VICEROY
Image_1797.jpg,ORCHARD SWALLOW
Image_1798.jpg,PEACOCK
Image_1799.jpg,SILVER SPOT SKIPPER
Image_1800.jpg,BANDED ORANGE HELICONIAN
Image_1801.jpg,ORCHARD SWALLOW
Image_1802.jpg,LARGE MARBLE
Image_1803.jpg,VICEROY
Image_1804.jpg,ORCHARD SWALLOW
Image_1805.jpg,LARGE MARBLE
Image_1806.jpg,COMMON BANDED AWL
Image_1807.jpg,ORCHARD SWALLOW
Image_1808.jpg,ZEBRA LONG WING
Image_1809.jpg,VICEROY
Image_1810.jpg,SCARCE SWALLOW
Image_1811.jpg,PEACOCK
Image_1812.jpg,LARGE MARBLE
Image_1813.jpg,AMERICAN SNOOT
Image_1814.jpg,ORCHARD SWALLOW
Image_1815.jpg,ZEBRA LONG WING
Image_1816.jpg,WOOD SATYR
Image_1817.jpg,ORCHARD SWALLOW
Image_1818.jpg,WOOD SATYR
Image_1819.jpg,AMERICAN SNOOT
Image_1820.jpg,ORCHARD SWALLOW
Image_1821.jpg,ORCHARD SWALLOW
Image_1822.jpg,ORCHARD SWALLOW
Image_1823.jpg,PEACOCK
Image_1824.jpg,COMMON WOOD-NYMPH
Image_1825.jpg,COMMON WOOD-NYMPH
Image_1826.jpg,AMERICAN SNOOT
Image_1827.jpg,PEACOCK
Image_1828.jpg,ORCHARD SWALLOW
Image_1829.jpg,LARGE MARBLE
Image_1830.jpg,SCARCE SWALLOW
Image_1831.jpg,RED ADMIRAL
Image_1832.jpg,COMMON WOOD-NYMPH
Image_1833.jpg,LARGE MARBLE
Image_1834.jpg,PEACOCK
Image_1835.jpg,ORCHARD SWALLOW
Image_1836.jpg,VICEROY
Image_1837.jpg,LARGE MARBLE
Image_1838.jpg,LARGE MARBLE
Image_1839.jpg,ORANGE TIP
Image_1840.jpg,LARGE MARBLE
Image_1841.jpg,BANDED ORANGE HELICONIAN
Image_1842.jpg,LARGE MARBLE
Image_1843.jpg,COMMON WOOD-NYMPH
Image_1844.jpg,ZEBRA LONG WING
Image_1845.jpg,ORCHARD SWALLOW
Image_1846.jpg,COMMON BANDED AWL
Image_1847.jpg,TROPICAL LEAFWING
Image_1848.jpg,SCARCE SWALLOW
Image_1849.jpg,PEACOCK
Image_1850.jpg,SCARCE SWALLOW
Image_1851.jpg,BANDED ORANGE HELICONIAN
Image_1852.jpg,PEACOCK
Image_1853.jpg,PEACOCK
Image_1854.jpg,PEACOCK
Image_1855.jpg,LARGE MARBLE
Image_1856.jpg,ORCHARD SWALLOW
Image_1857.jpg,SCARCE SWALLOW
Image_1858.jpg,VICEROY
Image_1859.jpg,BANDED ORANGE HELICONIAN
Image_1860.jpg,PEACOCK
Image_1861.jpg,RED ADMIRAL
Image_1862.jpg,LARGE MARBLE
Image_1863.jpg,PEACOCK
Image_1864.jpg,VICEROY
Image_1865.jpg,CHESTNUT
Image_1866.jpg,AMERICAN SNOOT
Image_1867.jpg,PEACOCK
Image_1868.jpg,SCARCE SWALLOW
Image_1869.jpg,BANDED ORANGE HELICONIAN
Image_1870.jpg,ZEBRA LONG WING
Image_1871.jpg,VICEROY
Image_1872.jpg,VICEROY
Image_1873.jpg,ORCHARD SWALLOW
Image_1874.jpg,ORCHARD SWALLOW
Image_1875.jpg,ORCHARD SWALLOW
Image_1876.jpg,LARGE MARBLE
Image_1877.jpg,RED ADMIRAL
Image_1878.jpg,ZEBRA LONG WING
Image_1879.jpg,IPHICLUS SISTER
Image_1880.jpg,ORCHARD SWALLOW
Image_1881.jpg,AMERICAN SNOOT
Image_1882.jpg,ORCHARD SWALLOW
Image_1883.jpg,COMMON WOOD-NYMPH
Image_1884.jpg,LARGE MARBLE
Image_1885.jpg,QUESTION MARK
Image_1886.jpg,PEACOCK
Image_1887.jpg,ZEBRA LONG WING
Image_1888.jpg,LARGE MARBLE
Image_1889.jpg,SILVER SPOT SKIPPER
Image_1890.jpg,AMERICAN SNOOT
Image_1891.jpg,LARGE MARBLE
Image_1892.jpg,LARGE MARBLE
Image_1893.jpg,ORCHARD SWALLOW
Image_1894.jpg,SCARCE SWALLOW
Image_1895.jpg,VICEROY
Image_1896.jpg,VICEROY
Image_1897.jpg,COPPER TAIL
Image_1898.jpg,GREEN CELLED CATTLEHEART
Image_1899.jpg,LARGE MARBLE
Image_1900.jpg,LARGE MARBLE
Image_1901.jpg,BANDED ORANGE HELICONIAN
Image_1902.jpg,VICEROY
Image_1903.jpg,ORCHARD SWALLOW
Image_1904.jpg,ORCHARD SWALLOW
Image_1905.jpg,POPINJAY
Image_1906.jpg,VICEROY
Image_1907.jpg,ORCHARD SWALLOW
Image_1908.jpg,VICEROY
Image_1909.jpg,ORCHARD SWALLOW
Image_1910.jpg,ORANGE TIP
Image_1911.jpg,ORCHARD SWALLOW
Image_1912.jpg,AMERICAN SNOOT
Image_1913.jpg,VICEROY
Image_1914.jpg,WOOD SATYR
Image_1915.jpg,BANDED ORANGE HELICONIAN
Image_1916.jpg,ZEBRA LONG WING
Image_1917.jpg,VICEROY
Image_1918.jpg,PINE WHITE
Image_1919.jpg,VICEROY
Image_1920.jpg,AMERICAN SNOOT
Image_1921.jpg,ZEBRA LONG WING
Image_1922.jpg,LARGE MARBLE
Image_1923.jpg,PEACOCK
Image_1924.jpg,ORCHARD SWALLOW
Image_1925.jpg,WOOD SATYR
Image_1926.jpg,ORCHARD SWALLOW
Image_1927.jpg,ORCHARD SWALLOW
Image_1928.jpg,LARGE MARBLE
Image_1929.jpg,ORCHARD SWALLOW
Image_1930.jpg,ORCHARD SWALLOW
Image_1931.jpg,LARGE MARBLE
Image_1932.jpg,ORCHARD SWALLOW
Image_1933.jpg,ORCHARD SWALLOW
Image_1934.jpg,COMMON BANDED AWL
Image_1935.jpg,COMMON WOOD-NYMPH
Image_1936.jpg,PEACOCK
Image_1937.jpg,PEACOCK
Image_1938.jpg,LARGE MARBLE
Image_1939.jpg,ORCHARD SWALLOW
Image_1940.jpg,VICEROY
Image_1941.jpg,QUESTION MARK
Image_1942.jpg,LARGE MARBLE
Image_1943.jpg,LARGE MARBLE
Image_1944.jpg,COMMON WOOD-NYMPH
Image_1945.jpg,ORANGE TIP
Image_1946.jpg,CHESTNUT
Image_1947.jpg,ORCHARD SWALLOW
Image_1948.jpg,ADONIS
Image_1949.jpg,ZEBRA LONG WING
Image_1950.jpg,ORCHARD SWALLOW
Image_1951.jpg,ZEBRA LONG WING
Image_1952.jpg,PEACOCK
Image_1953.jpg,COMMON WOOD-NYMPH
Image_1954.jpg,VICEROY
Image_1955.jpg,VICEROY
Image_1956.jpg,PEACOCK
Image_1957.jpg,COMMON WOOD-NYMPH
Image_1958.jpg,VICEROY
Image_1959.jpg,AMERICAN SNOOT
Image_1960.jpg,LARGE MARBLE
Image_1961.jpg,ADONIS
Image_1962.jpg,ORCHARD SWALLOW
Image_1963.jpg,ORCHARD SWALLOW
Image_1964.jpg,ORCHARD SWALLOW
Image_1965.jpg,ZEBRA LONG WING
Image_1966.jpg,ORCHARD SWALLOW
Image_1967.jpg,VICEROY
Image_1968.jpg,TROPICAL LEAFWING
Image_1969.jpg,ORCHARD SWALLOW
Image_1970.jpg,IPHICLUS SISTER
Image_1971.jpg,SCARCE SWALLOW
Image_1972.jpg,ORCHARD SWALLOW
Image_1973.jpg,LARGE MARBLE
Image_1974.jpg,PEACOCK
Image_1975.jpg,LARGE MARBLE
Image_1976.jpg,ORCHARD SWALLOW
Image_1977.jpg,ORCHARD SWALLOW
Image_1978.jpg,ZEBRA LONG WING
Image_1979.jpg,PEACOCK
Image_1980.jpg,ORCHARD SWALLOW
Image_1981.jpg,ORCHARD SWALLOW
Image_1982.jpg,LARGE MARBLE
Image_1983.jpg,VICEROY
Image_1984.jpg,ORCHARD SWALLOW
Image_1985.jpg,ORCHARD SWALLOW
Image_1986.jpg,LARGE MARBLE
Image_1987.jpg,LARGE MARBLE
Image_1988.jpg,QUESTION MARK
Image_1989.jpg,PEACOCK
Image_1990.jpg,ORCHARD SWALLOW
Image_1991.jpg,POPINJAY
Image_1992.jpg,ORCHARD SWALLOW
Image_1993.jpg,COMMON WOOD-NYMPH
Image_1994.jpg,ORCHARD SWALLOW
Image_1995.jpg,ORCHARD SWALLOW
Image_1996.jpg,MILBERTS TORTOISESHELL
Image_1997.jpg,PINE WHITE
Image_1998.jpg,ZEBRA LONG WING
Image_1999.jpg,ADONIS
Image_2000.jpg,COMMON WOOD-NYMPH
Image_2001.jpg,TROPICAL LEAFWING
Image_2002.jpg,VICEROY
Image_2003.jpg,BANDED ORANGE HELICONIAN
Image_2004.jpg,ORCHARD SWALLOW
Image_2005.jpg,AMERICAN SNOOT
Image_2006.jpg,ORCHARD SWALLOW
Image_2007.jpg,ADONIS
Image_2008.jpg,ORCHARD SWALLOW
Image_2009.jpg,ORCHARD SWALLOW
Image_2010.jpg,GREEN CELLED CATTLEHEART
Image_2011.jpg,ORCHARD SWALLOW
Image_2012.jpg,ADONIS
Image_2013.jpg,LARGE MARBLE
Image_2014.jpg,AMERICAN SNOOT
Image_2015.jpg,ORCHARD SWALLOW
Image_2016.jpg,ORCHARD SWALLOW
Image_2017.jpg,ORCHARD SWALLOW
Image_2018.jpg,MESTRA
Image_2019.jpg,ORANGE TIP
Image_2020.jpg,ORCHARD SWALLOW
Image_2021.jpg,COMMON WOOD-NYMPH
Image_2022.jpg,COMMON WOOD-NYMPH
Image_2023.jpg,POPINJAY
Image_2024.jpg,SCARCE SWALLOW
Image_2025.jpg,ORCHARD SWALLOW
Image_2026.jpg,LARGE MARBLE
Image_2027.jpg,ADONIS
Image_2028.jpg,PEACOCK
Image_2029.jpg,ORANGE TIP
Image_2030.jpg,VICEROY
Image_2031.jpg,VICEROY
Image_2032.jpg,AMERICAN SNOOT
Image_2033.jpg,PEACOCK
Image_2034.jpg,ZEBRA LONG WING
Image_2035.jpg,ORCHARD SWALLOW
Image_2036.jpg,COMMON WOOD-NYMPH
Image_2037.jpg,ORCHARD SWALLOW
Image_2038.jpg,COMMON WOOD-NYMPH
Image_2039.jpg,LARGE MARBLE
Image_2040.jpg,PEACOCK
Image_2041.jpg,LARGE MARBLE
Image_2042.jpg,ADONIS
Image_2043.jpg,IPHICLUS SISTER
Image_2044.jpg,VICEROY
Image_2045.jpg,PURPLISH COPPER
Image_2046.jpg,ZEBRA LONG WING
Image_2047.jpg,ORCHARD SWALLOW
Image_2048.jpg,ORCHARD SWALLOW
Image_2049.jpg,ORCHARD SWALLOW
Image_2050.jpg,SCARCE SWALLOW
Image_2051.jpg,COMMON WOOD-NYMPH
Image_2052.jpg,VICEROY
Image_2053.jpg,TROPICAL LEAFWING
Image_2054.jpg,IPHICLUS SISTER
Image_2055.jpg,BANDED ORANGE HELICONIAN
Image_2056.jpg,LARGE MARBLE
Image_2057.jpg,PEACOCK
Image_2058.jpg,PEACOCK
Image_2059.jpg,ZEBRA LONG WING
Image_2060.jpg,AMERICAN SNOOT
Image_2061.jpg,ORCHARD SWALLOW
Image_2062.jpg,ZEBRA LONG WING
Image_2063.jpg,LARGE MARBLE
Image_2064.jpg,VICEROY
Image_2065.jpg,SCARCE SWALLOW
Image_2066.jpg,PEACOCK
Image_2067.jpg,PEACOCK
Image_2068.jpg,VICEROY
Image_2069.jpg,COMMON WOOD-NYMPH
Image_2070.jpg,ORCHARD SWALLOW
Image_2071.jpg,ORCHARD SWALLOW
Image_2072.jpg,ORCHARD SWALLOW
Image_2073.jpg,VICEROY
Image_2074.jpg,LARGE MARBLE
Image_2075.jpg,COMMON WOOD-NYMPH
Image_2076.jpg,ORCHARD SWALLOW
Image_2077.jpg,WOOD SATYR
Image_2078.jpg,COMMON WOOD-NYMPH
Image_2079.jpg,VICEROY
Image_2080.jpg,PEACOCK
Image_2081.jpg,ZEBRA LONG WING
Image_2082.jpg,ORCHARD SWALLOW
Image_2083.jpg,ORCHARD SWALLOW
Image_2084.jpg,COMMON WOOD-NYMPH
Image_2085.jpg,ORCHARD SWALLOW
Image_2086.jpg,ORCHARD SWALLOW
Image_2087.jpg,VICEROY
Image_2088.jpg,ORCHARD SWALLOW
Image_2089.jpg,AMERICAN SNOOT
Image_2090.jpg,SCARCE SWALLOW
Image_2091.jpg,LARGE MARBLE
Image_2092.jpg,MESTRA
Image_2093.jpg,VICEROY
Image_2094.jpg,ORCHARD SWALLOW
Image_2095.jpg,ZEBRA LONG WING
Image_2096.jpg,GREEN CELLED CATTLEHEART
Image_2097.jpg,ORCHARD SWALLOW
Image_2098.jpg,ORCHARD SWALLOW
Image_2099.jpg,PEACOCK
Image_2100.jpg,ORCHARD SWALLOW
Image_2101.jpg,ORCHARD SWALLOW
Image_2102.jpg,POPINJAY
Image_2103.jpg,PINE WHITE
Image_2104.jpg,PEACOCK
Image_2105.jpg,MILBERTS TORTOISESHELL
Image_2106.jpg,PEACOCK
Image_2107.jpg,LARGE MARBLE
Image_2108.jpg,ORCHARD SWALLOW
Image_2109.jpg,VICEROY
Image_2110.jpg,VICEROY
Image_2111.jpg,BANDED ORANGE HELICONIAN
Image_2112.jpg,LARGE MARBLE
Image_2113.jpg,ORCHARD SWALLOW
Image_2114.jpg,LARGE MARBLE
Image_2115.jpg,ORCHARD SWALLOW
Image_2116.jpg,TROPICAL LEAFWING
Image_2117.jpg,AMERICAN SNOOT
Image_2118.jpg,ADONIS
Image_2119.jpg,TROPICAL LEAFWING
Image_2120.jpg,ORCHARD SWALLOW
Image_2121.jpg,ORCHARD SWALLOW
Image_2122.jpg,AMERICAN SNOOT
Image_2123.jpg,SOOTYWING
Image_2124.jpg,ORCHARD SWALLOW
Image_2125.jpg,TROPICAL LEAFWING
Image_2126.jpg,LARGE MARBLE
Image_2127.jpg,LARGE MARBLE
Image_2128.jpg,LARGE MARBLE
Image_2129.jpg,ZEBRA LONG WING
Image_2130.jpg,ORCHARD SWALLOW
Image_2131.jpg,COMMON WOOD-NYMPH
Image_2132.jpg,ADONIS
Image_2133.jpg,ZEBRA LONG WING
Image_2134.jpg,LARGE MARBLE
Image_2135.jpg,ORANGE TIP
Image_2136.jpg,ORCHARD SWALLOW
Image_2137.jpg,LARGE MARBLE
Image_2138.jpg,BANDED ORANGE HELICONIAN
Image_2139.jpg,ADONIS
Image_2140.jpg,COMMON WOOD-NYMPH
Image_2141.jpg,ADONIS
Image_2142.jpg,ORCHARD SWALLOW
Image_2143.jpg,SCARCE SWALLOW
Image_2144.jpg,SCARCE SWALLOW
Image_2145.jpg,VICEROY
Image_2146.jpg,PEACOCK
Image_2147.jpg,ZEBRA LONG WING
Image_2148.jpg,LARGE MARBLE
Image_2149.jpg,BANDED ORANGE HELICONIAN
Image_2150.jpg,TROPICAL LEAFWING
Image_2151.jpg,SCARCE SWALLOW
Image_2152.jpg,VICEROY
Image_2153.jpg,ORCHARD SWALLOW
Image_2154.jpg,VICEROY
Image_2155.jpg,PEACOCK
Image_2156.jpg,VICEROY
Image_2157.jpg,BANDED ORANGE HELICONIAN
Image_2158.jpg,VICEROY
Image_2159.jpg,ORCHARD SWALLOW
Image_2160.jpg,LARGE MARBLE
Image_2161.jpg,RED ADMIRAL
Image_2162.jpg,LARGE MARBLE
Image_2163.jpg,ORCHARD SWALLOW
Image_2164.jpg,VICEROY
Image_2165.jpg,GREAT JAY
Image_2166.jpg,ORCHARD SWALLOW
Image_2167.jpg,BANDED ORANGE HELICONIAN
Image_2168.jpg,LARGE MARBLE
Image_2169.jpg,PEACOCK
Image_2170.jpg,VICEROY
Image_2171.jpg,BANDED ORANGE HELICONIAN
Image_2172.jpg,ORCHARD SWALLOW
Image_2173.jpg,BANDED ORANGE HELICONIAN
Image_2174.jpg,ORCHARD SWALLOW
Image_2175.jpg,VICEROY
Image_2176.jpg,ORCHARD SWALLOW
Image_2177.jpg,BANDED ORANGE HELICONIAN
Image_2178.jpg,ORCHARD SWALLOW
Image_2179.jpg,BANDED ORANGE HELICONIAN
Image_2180.jpg,LARGE MARBLE
Image_2181.jpg,PEACOCK
Image_2182.jpg,COMMON WOOD-NYMPH
Image_2183.jpg,ORCHARD SWALLOW
Image_2184.jpg,ORCHARD SWALLOW
Image_2185.jpg,ORCHARD SWALLOW
Image_2186.jpg,LARGE MARBLE
Image_2187.jpg,VICEROY
Image_2188.jpg,ORCHARD SWALLOW
Image_2189.jpg,PEACOCK
Image_2190.jpg,VICEROY
Image_2191.jpg,COMMON WOOD-NYMPH
Image_2192.jpg,MESTRA
Image_2193.jpg,COMMON WOOD-NYMPH
Image_2194.jpg,PEACOCK
Image_2195.jpg,ORCHARD SWALLOW
Image_2196.jpg,ORCHARD SWALLOW
Image_2197.jpg,BANDED ORANGE HELICONIAN
Image_2198.jpg,ORANGE TIP
Image_2199.jpg,COMMON WOOD-NYMPH
Image_2200.jpg,ORCHARD SWALLOW
Image_2201.jpg,ADONIS
Image_2202.jpg,PEACOCK
Image_2203.jpg,COMMON WOOD-NYMPH
Image_2204.jpg,COMMON WOOD-NYMPH
Image_2205.jpg,COMMON WOOD-NYMPH
Image_2206.jpg,LARGE MARBLE
Image_2207.jpg,GREAT EGGFLY
Image_2208.jpg,COMMON BANDED AWL
Image_2209.jpg,VICEROY
Image_2210.jpg,COMMON WOOD-NYMPH
Image_2211.jpg,BANDED ORANGE HELICONIAN
Image_2212.jpg,PAPER KITE
Image_2213.jpg,ORCHARD SWALLOW
Image_2214.jpg,ORCHARD SWALLOW
Image_2215.jpg,GREAT JAY
Image_2216.jpg,TROPICAL LEAFWING
Image_2217.jpg,ORCHARD SWALLOW
Image_2218.jpg,COMMON WOOD-NYMPH
Image_2219.jpg,ORANGE TIP
Image_2220.jpg,ORCHARD SWALLOW
Image_2221.jpg,ORCHARD SWALLOW
Image_2222.jpg,SCARCE SWALLOW
Image_2223.jpg,BANDED ORANGE HELICONIAN
Image_2224.jpg,ORCHARD SWALLOW
Image_2225.jpg,GREEN CELLED CATTLEHEART
Image_2226.jpg,LARGE MARBLE
Image_2227.jpg,ORCHARD SWALLOW
Image_2228.jpg,PIPEVINE SWALLOW
Image_2229.jpg,LARGE MARBLE
Image_2230.jpg,ORCHARD SWALLOW
Image_2231.jpg,COMMON BANDED AWL
Image_2232.jpg,ORCHARD SWALLOW
Image_2233.jpg,COMMON BANDED AWL
Image_2234.jpg,LARGE MARBLE
Image_2235.jpg,VICEROY
Image_2236.jpg,POPINJAY
Image_2237.jpg,ORCHARD SWALLOW
Image_2238.jpg,PEACOCK
Image_2239.jpg,AMERICAN SNOOT
Image_2240.jpg,IPHICLUS SISTER
Image_2241.jpg,AMERICAN SNOOT
Image_2242.jpg,AMERICAN SNOOT
Image_2243.jpg,BANDED ORANGE HELICONIAN
Image_2244.jpg,TROPICAL LEAFWING
Image_2245.jpg,ORCHARD SWALLOW
Image_2246.jpg,VICEROY
Image_2247.jpg,IPHICLUS SISTER
Image_2248.jpg,LARGE MARBLE
Image_2249.jpg,ORCHARD SWALLOW
Image_2250.jpg,LARGE MARBLE
Image_2251.jpg,GREEN CELLED CATTLEHEART
Image_2252.jpg,VICEROY
Image_2253.jpg,ORANGE TIP
Image_2254.jpg,PEACOCK
Image_2255.jpg,COMMON WOOD-NYMPH
Image_2256.jpg,PEACOCK
Image_2257.jpg,VICEROY
Image_2258.jpg,RED ADMIRAL
Image_2259.jpg,AMERICAN SNOOT
Image_2260.jpg,ORCHARD SWALLOW
Image_2261.jpg,ORANGE TIP
Image_2262.jpg,LARGE MARBLE
Image_2263.jpg,VICEROY
Image_2264.jpg,ZEBRA LONG WING
Image_2265.jpg,VICEROY
Image_2266.jpg,GREEN CELLED CATTLEHEART
Image_2267.jpg,VICEROY
Image_2268.jpg,LARGE MARBLE
Image_2269.jpg,TWO BARRED FLASHER
Image_2270.jpg,LARGE MARBLE
Image_2271.jpg,VICEROY
Image_2272.jpg,COMMON BANDED AWL
Image_2273.jpg,PEACOCK
Image_2274.jpg,ORANGE TIP
Image_2275.jpg,PEACOCK
Image_2276.jpg,COMMON BANDED AWL
Image_2277.jpg,ZEBRA LONG WING
Image_2278.jpg,ORCHARD SWALLOW
Image_2279.jpg,PEACOCK
Image_2280.jpg,COMMON WOOD-NYMPH
Image_2281.jpg,ORCHARD SWALLOW
Image_2282.jpg,LARGE MARBLE
Image_2283.jpg,ORCHARD SWALLOW
Image_2284.jpg,POPINJAY
Image_2285.jpg,TROPICAL LEAFWING
Image_2286.jpg,TROPICAL LEAFWING
Image_2287.jpg,PEACOCK
Image_2288.jpg,SCARCE SWALLOW
Image_2289.jpg,ORCHARD SWALLOW
Image_2290.jpg,ORCHARD SWALLOW
Image_2291.jpg,ADONIS
Image_2292.jpg,BANDED ORANGE HELICONIAN
Image_2293.jpg,SCARCE SWALLOW
Image_2294.jpg,VICEROY
Image_2295.jpg,ORCHARD SWALLOW
Image_2296.jpg,ORCHARD SWALLOW
Image_2297.jpg,IPHICLUS SISTER
Image_2298.jpg,ZEBRA LONG WING
Image_2299.jpg,VICEROY
Image_2300.jpg,LARGE MARBLE
Image_2301.jpg,ORCHARD SWALLOW
Image_2302.jpg,GREY HAIRSTREAK
Image_2303.jpg,LARGE MARBLE
Image_2304.jpg,ORANGE TIP
Image_2305.jpg,ZEBRA LONG WING
Image_2306.jpg,QUESTION MARK
Image_2307.jpg,COMMON WOOD-NYMPH
Image_2308.jpg,VICEROY
Image_2309.jpg,AMERICAN SNOOT
Image_2310.jpg,LARGE MARBLE
Image_2311.jpg,ORANGE TIP
Image_2312.jpg,ORCHARD SWALLOW
Image_2313.jpg,PEACOCK
Image_2314.jpg,LARGE MARBLE
Image_2315.jpg,SCARCE SWALLOW
Image_2316.jpg,VICEROY
Image_2317.jpg,ORCHARD SWALLOW
Image_2318.jpg,WOOD SATYR
Image_2319.jpg,MONARCH
Image_2320.jpg,ORANGE TIP
Image_2321.jpg,AMERICAN SNOOT
Image_2322.jpg,ORCHARD SWALLOW
Image_2323.jpg,ORCHARD SWALLOW
Image_2324.jpg,VICEROY
Image_2325.jpg,ORCHARD SWALLOW
Image_2326.jpg,LARGE MARBLE
Image_2327.jpg,SCARCE SWALLOW
Image_2328.jpg,PEACOCK
Image_2329.jpg,TROPICAL LEAFWING
Image_2330.jpg,VICEROY
Image_2331.jpg,TROPICAL LEAFWING
Image_2332.jpg,LARGE MARBLE
Image_2333.jpg,ORCHARD SWALLOW
Image_2334.jpg,BANDED ORANGE HELICONIAN
Image_2335.jpg,TROPICAL LEAFWING
Image_2336.jpg,GREEN CELLED CATTLEHEART
Image_2337.jpg,ORANGE TIP
Image_2338.jpg,ORCHARD SWALLOW
Image_2339.jpg,LARGE MARBLE
Image_2340.jpg,LARGE MARBLE
Image_2341.jpg,ORCHARD SWALLOW
Image_2342.jpg,ORCHARD SWALLOW
Image_2343.jpg,PEACOCK
Image_2344.jpg,PEACOCK
Image_2345.jpg,VICEROY
Image_2346.jpg,ORCHARD SWALLOW
Image_2347.jpg,LARGE MARBLE
Image_2348.jpg,SCARCE SWALLOW
Image_2349.jpg,COMMON BANDED AWL
Image_2350.jpg,BECKERS WHITE
Image_2351.jpg,VICEROY
Image_2352.jpg,LARGE MARBLE
Image_2353.jpg,AMERICAN SNOOT
Image_2354.jpg,ORCHARD SWALLOW
Image_2355.jpg,COMMON WOOD-NYMPH
Image_2356.jpg,LARGE MARBLE
Image_2357.jpg,ZEBRA LONG WING
Image_2358.jpg,LARGE MARBLE
Image_2359.jpg,ZEBRA LONG WING
Image_2360.jpg,POPINJAY
Image_2361.jpg,VICEROY
Image_2362.jpg,PINE WHITE
Image_2363.jpg,ORCHARD SWALLOW
Image_2364.jpg,PEACOCK
Image_2365.jpg,LARGE MARBLE
Image_2366.jpg,ORCHARD SWALLOW
Image_2367.jpg,ORCHARD SWALLOW
Image_2368.jpg,ORCHARD SWALLOW
Image_2369.jpg,CHECQUERED SKIPPER
Image_2370.jpg,PEACOCK
Image_2371.jpg,LARGE MARBLE
Image_2372.jpg,PURPLISH COPPER
Image_2373.jpg,ADONIS
Image_2374.jpg,QUESTION MARK
Image_2375.jpg,ORCHARD SWALLOW
Image_2376.jpg,LARGE MARBLE
Image_2377.jpg,ZEBRA LONG WING
Image_2378.jpg,VICEROY
Image_2379.jpg,ORCHARD SWALLOW
Image_2380.jpg,VICEROY
Image_2381.jpg,EASTERN PINE ELFIN
Image_2382.jpg,PEACOCK
Image_2383.jpg,LARGE MARBLE
Image_2384.jpg,LARGE MARBLE
Image_2385.jpg,PEACOCK
Image_2386.jpg,SCARCE SWALLOW
Image_2387.jpg,LARGE MARBLE
Image_2388.jpg,COMMON BANDED AWL
Image_2389.jpg,ORCHARD SWALLOW
Image_2390.jpg,AMERICAN SNOOT
Image_2391.jpg,VICEROY
Image_2392.jpg,ORCHARD SWALLOW
Image_2393.jpg,ORCHARD SWALLOW
Image_2394.jpg,BECKERS WHITE
Image_2395.jpg,PEACOCK
Image_2396.jpg,LARGE MARBLE
Image_2397.jpg,COMMON WOOD-NYMPH
Image_2398.jpg,LARGE MARBLE
Image_2399.jpg,VICEROY
Image_2400.jpg,ZEBRA LONG WING
Image_2401.jpg,GREEN CELLED CATTLEHEART
Image_2402.jpg,PEACOCK
Image_2403.jpg,LARGE MARBLE
Image_2404.jpg,ORCHARD SWALLOW
Image_2405.jpg,AMERICAN SNOOT
Image_2406.jpg,ORCHARD SWALLOW
Image_2407.jpg,PINE WHITE
Image_2408.jpg,TROPICAL LEAFWING
Image_2409.jpg,BANDED ORANGE HELICONIAN
Image_2410.jpg,ORCHARD SWALLOW
Image_2411.jpg,AMERICAN SNOOT
Image_2412.jpg,VICEROY
Image_2413.jpg,LARGE MARBLE
Image_2414.jpg,ZEBRA LONG WING
Image_2415.jpg,LARGE MARBLE
Image_2416.jpg,LARGE MARBLE
Image_2417.jpg,ORCHARD SWALLOW
Image_2418.jpg,AMERICAN SNOOT
Image_2419.jpg,AFRICAN GIANT SWALLOWTAIL
Image_2420.jpg,ZEBRA LONG WING
Image_2421.jpg,PEACOCK
Image_2422.jpg,ORCHARD SWALLOW
Image_2423.jpg,PINE WHITE
Image_2424.jpg,LARGE MARBLE
Image_2425.jpg,ADONIS
Image_2426.jpg,ORCHARD SWALLOW
Image_2427.jpg,VICEROY
Image_2428.jpg,PEACOCK
Image_2429.jpg,BANDED ORANGE HELICONIAN
Image_2430.jpg,PEACOCK
Image_2431.jpg,PEACOCK
Image_2432.jpg,VICEROY
Image_2433.jpg,ORCHARD SWALLOW
Image_2434.jpg,ORCHARD SWALLOW
Image_2435.jpg,ORANGE TIP
Image_2436.jpg,COMMON BANDED AWL
Image_2437.jpg,PEACOCK
Image_2438.jpg,ORCHARD SWALLOW
Image_2439.jpg,VICEROY
Image_2440.jpg,VICEROY
Image_2441.jpg,ORANGE TIP
Image_2442.jpg,VICEROY
Image_2443.jpg,ORCHARD SWALLOW
Image_2444.jpg,ORCHARD SWALLOW
Image_2445.jpg,ZEBRA LONG WING
Image_2446.jpg,COMMON BANDED AWL
Image_2447.jpg,POPINJAY
Image_2448.jpg,VICEROY
Image_2449.jpg,ORCHARD SWALLOW
Image_2450.jpg,ORCHARD SWALLOW
Image_2451.jpg,VICEROY
Image_2452.jpg,SCARCE SWALLOW
Image_2453.jpg,PEACOCK
Image_2454.jpg,AMERICAN SNOOT
Image_2455.jpg,ORCHARD SWALLOW
Image_2456.jpg,ZEBRA LONG WING
Image_2457.jpg,ORCHARD SWALLOW
Image_2458.jpg,VICEROY
Image_2459.jpg,SCARCE SWALLOW
Image_2460.jpg,PEACOCK
Image_2461.jpg,BANDED ORANGE HELICONIAN
Image_2462.jpg,VICEROY
Image_2463.jpg,ORCHARD SWALLOW
Image_2464.jpg,ORCHARD SWALLOW
Image_2465.jpg,COMMON WOOD-NYMPH
Image_2466.jpg,PEACOCK
Image_2467.jpg,ORCHARD SWALLOW
Image_2468.jpg,DANAID EGGFLY
Image_2469.jpg,LARGE MARBLE
Image_2470.jpg,VICEROY
Image_2471.jpg,ORCHARD SWALLOW
Image_2472.jpg,AMERICAN SNOOT
Image_2473.jpg,LARGE MARBLE
Image_2474.jpg,ORCHARD SWALLOW
Image_2475.jpg,LARGE MARBLE
Image_2476.jpg,ZEBRA LONG WING
Image_2477.jpg,BANDED ORANGE HELICONIAN
Image_2478.jpg,BANDED ORANGE HELICONIAN
Image_2479.jpg,ORCHARD SWALLOW
Image_2480.jpg,ORCHARD SWALLOW
Image_2481.jpg,PEACOCK
Image_2482.jpg,BANDED ORANGE HELICONIAN
Image_2483.jpg,PEACOCK
Image_2484.jpg,LARGE MARBLE
Image_2485.jpg,BANDED ORANGE HELICONIAN
Image_2486.jpg,VICEROY
Image_2487.jpg,ORCHARD SWALLOW
Image_2488.jpg,SILVER SPOT SKIPPER
Image_2489.jpg,ORCHARD SWALLOW
Image_2490.jpg,ZEBRA LONG WING
Image_2491.jpg,ORCHARD SWALLOW
Image_2492.jpg,PEACOCK
Image_2493.jpg,ORCHARD SWALLOW
Image_2494.jpg,LARGE MARBLE
Image_2495.jpg,ORCHARD SWALLOW
Image_2496.jpg,ORCHARD SWALLOW
Image_2497.jpg,GREAT JAY
Image_2498.jpg,ORCHARD SWALLOW
Image_2499.jpg,LARGE MARBLE
Image_2500.jpg,GREAT EGGFLY
Image_2501.jpg,VICEROY
Image_2502.jpg,ORCHARD SWALLOW
Image_2503.jpg,COMMON WOOD-NYMPH
Image_2504.jpg,CABBAGE WHITE
Image_2505.jpg,ZEBRA LONG WING
Image_2506.jpg,LARGE MARBLE
Image_2507.jpg,SCARCE SWALLOW
Image_2508.jpg,VICEROY
Image_2509.jpg,ORCHARD SWALLOW
Image_2510.jpg,PEACOCK
Image_2511.jpg,ORANGE TIP
Image_2512.jpg,ORCHARD SWALLOW
Image_2513.jpg,TROPICAL LEAFWING
Image_2514.jpg,VICEROY
Image_2515.jpg,ORCHARD SWALLOW
Image_2516.jpg,ORCHARD SWALLOW
Image_2517.jpg,PEACOCK
Image_2518.jpg,COMMON WOOD-NYMPH
Image_2519.jpg,ORCHARD SWALLOW
Image_2520.jpg,ORCHARD SWALLOW
Image_2521.jpg,LARGE MARBLE
Image_2522.jpg,PEACOCK
Image_2523.jpg,ORCHARD SWALLOW
Image_2524.jpg,AMERICAN SNOOT
Image_2525.jpg,ORCHARD SWALLOW
Image_2526.jpg,ORCHARD SWALLOW
Image_2527.jpg,ORCHARD SWALLOW
Image_2528.jpg,ZEBRA LONG WING
Image_2529.jpg,PURPLISH COPPER
Image_2530.jpg,CHECQUERED SKIPPER
Image_2531.jpg,LARGE MARBLE
Image_2532.jpg,BANDED ORANGE HELICONIAN
Image_2533.jpg,CHESTNUT
Image_2534.jpg,SCARCE SWALLOW
Image_2535.jpg,CHECQUERED SKIPPER
Image_2536.jpg,BANDED ORANGE HELICONIAN
Image_2537.jpg,QUESTION MARK
Image_2538.jpg,ORCHARD SWALLOW
Image_2539.jpg,ORCHARD SWALLOW
Image_2540.jpg,ORCHARD SWALLOW
Image_2541.jpg,MESTRA
Image_2542.jpg,POPINJAY
Image_2543.jpg,LARGE MARBLE
Image_2544.jpg,MESTRA
Image_2545.jpg,COMMON BANDED AWL
Image_2546.jpg,ORCHARD SWALLOW
Image_2547.jpg,AMERICAN SNOOT
Image_2548.jpg,BANDED ORANGE HELICONIAN
Image_2549.jpg,TROPICAL LEAFWING
Image_2550.jpg,ORCHARD SWALLOW
Image_2551.jpg,ORCHARD SWALLOW
Image_2552.jpg,PAPER KITE
Image_2553.jpg,ORCHARD SWALLOW
Image_2554.jpg,PEACOCK
Image_2555.jpg,COMMON WOOD-NYMPH
Image_2556.jpg,ORCHARD SWALLOW
Image_2557.jpg,BANDED ORANGE HELICONIAN
Image_2558.jpg,BANDED ORANGE HELICONIAN
Image_2559.jpg,ORCHARD SWALLOW
Image_2560.jpg,ORCHARD SWALLOW
Image_2561.jpg,ZEBRA LONG WING
Image_2562.jpg,GREEN CELLED CATTLEHEART
Image_2563.jpg,LARGE MARBLE
Image_2564.jpg,ADONIS
Image_2565.jpg,ZEBRA LONG WING
Image_2566.jpg,MILBERTS TORTOISESHELL
Image_2567.jpg,PEACOCK
Image_2568.jpg,COMMON BANDED AWL
Image_2569.jpg,LARGE MARBLE
Image_2570.jpg,ORCHARD SWALLOW
Image_2571.jpg,SCARCE SWALLOW
Image_2572.jpg,BANDED ORANGE HELICONIAN
Image_2573.jpg,COMMON WOOD-NYMPH
Image_2574.jpg,BANDED ORANGE HELICONIAN
Image_2575.jpg,COMMON BANDED AWL
Image_2576.jpg,LARGE MARBLE
Image_2577.jpg,COMMON WOOD-NYMPH
Image_2578.jpg,PEACOCK
Image_2579.jpg,ADONIS
Image_2580.jpg,LARGE MARBLE
Image_2581.jpg,ZEBRA LONG WING
Image_2582.jpg,LARGE MARBLE
Image_2583.jpg,ORCHARD SWALLOW
Image_2584.jpg,PEACOCK
Image_2585.jpg,SCARCE SWALLOW
Image_2586.jpg,TROPICAL LEAFWING
Image_2587.jpg,BANDED ORANGE HELICONIAN
Image_2588.jpg,SCARCE SWALLOW
Image_2589.jpg,COMMON WOOD-NYMPH
Image_2590.jpg,ORCHARD SWALLOW
Image_2591.jpg,COMMON WOOD-NYMPH
Image_2592.jpg,COMMON BANDED AWL
Image_2593.jpg,LARGE MARBLE
Image_2594.jpg,LARGE MARBLE
Image_2595.jpg,ORCHARD SWALLOW
Image_2596.jpg,BANDED ORANGE HELICONIAN
Image_2597.jpg,AMERICAN SNOOT
Image_2598.jpg,LARGE MARBLE
Image_2599.jpg,COMMON WOOD-NYMPH
Image_2600.jpg,VICEROY
Image_2601.jpg,VICEROY
Image_2602.jpg,PEACOCK
Image_2603.jpg,ORCHARD SWALLOW
Image_2604.jpg,ORCHARD SWALLOW
Image_2605.jpg,PEACOCK
Image_2606.jpg,ORCHARD SWALLOW
Image_2607.jpg,ORCHARD SWALLOW
Image_2608.jpg,PINE WHITE
Image_2609.jpg,LARGE MARBLE
Image_2610.jpg,ORCHARD SWALLOW
Image_2611.jpg,LARGE MARBLE
Image_2612.jpg,LARGE MARBLE
Image_2613.jpg,ORCHARD SWALLOW
Image_2614.jpg,SCARCE SWALLOW
Image_2615.jpg,ZEBRA LONG WING
Image_2616.jpg,RED ADMIRAL
Image_2617.jpg,COMMON WOOD-NYMPH
Image_2618.jpg,CHECQUERED SKIPPER
Image_2619.jpg,ORCHARD SWALLOW
Image_2620.jpg,LARGE MARBLE
Image_2621.jpg,VICEROY
Image_2622.jpg,VICEROY
Image_2623.jpg,PEACOCK
Image_2624.jpg,TROPICAL LEAFWING
Image_2625.jpg,ORCHARD SWALLOW
Image_2626.jpg,COMMON WOOD-NYMPH
Image_2627.jpg,LARGE MARBLE
Image_2628.jpg,VICEROY
Image_2629.jpg,ORCHARD SWALLOW
Image_2630.jpg,LARGE MARBLE
Image_2631.jpg,ORCHARD SWALLOW
Image_2632.jpg,PURPLISH COPPER
Image_2633.jpg,GOLD BANDED
Image_2634.jpg,ORCHARD SWALLOW
Image_2635.jpg,BANDED ORANGE HELICONIAN
Image_2636.jpg,VICEROY
Image_2637.jpg,COMMON BANDED AWL
Image_2638.jpg,GREEN CELLED CATTLEHEART
Image_2639.jpg,LARGE MARBLE
Image_2640.jpg,LARGE MARBLE
Image_2641.jpg,VICEROY
Image_2642.jpg,ORCHARD SWALLOW
Image_2643.jpg,COMMON WOOD-NYMPH
Image_2644.jpg,LARGE MARBLE
Image_2645.jpg,COMMON BANDED AWL
Image_2646.jpg,BANDED ORANGE HELICONIAN
Image_2647.jpg,ZEBRA LONG WING
Image_2648.jpg,LARGE MARBLE
Image_2649.jpg,ORCHARD SWALLOW
Image_2650.jpg,PEACOCK
Image_2651.jpg,SILVER SPOT SKIPPER
Image_2652.jpg,LARGE MARBLE
Image_2653.jpg,ORCHARD SWALLOW
Image_2654.jpg,ORCHARD SWALLOW
Image_2655.jpg,AMERICAN SNOOT
Image_2656.jpg,ORCHARD SWALLOW
Image_2657.jpg,ORCHARD SWALLOW
Image_2658.jpg,WOOD SATYR
Image_2659.jpg,SCARCE SWALLOW
Image_2660.jpg,ORCHARD SWALLOW
Image_2661.jpg,ORCHARD SWALLOW
Image_2662.jpg,ORCHARD SWALLOW
Image_2663.jpg,GREEN CELLED CATTLEHEART
Image_2664.jpg,ORCHARD SWALLOW
Image_2665.jpg,ORCHARD SWALLOW
Image_2666.jpg,ORCHARD SWALLOW
Image_2667.jpg,PEACOCK
Image_2668.jpg,ZEBRA LONG WING
Image_2669.jpg,COMMON WOOD-NYMPH
Image_2670.jpg,AMERICAN SNOOT
Image_2671.jpg,AMERICAN SNOOT
Image_2672.jpg,LARGE MARBLE
Image_2673.jpg,VICEROY
Image_2674.jpg,PEACOCK
Image_2675.jpg,LARGE MARBLE
Image_2676.jpg,LARGE MARBLE
Image_2677.jpg,LARGE MARBLE
Image_2678.jpg,ORCHARD SWALLOW
Image_2679.jpg,ZEBRA LONG WING
Image_2680.jpg,ORCHARD SWALLOW
Image_2681.jpg,LARGE MARBLE
Image_2682.jpg,ORCHARD SWALLOW
Image_2683.jpg,COMMON WOOD-NYMPH
Image_2684.jpg,ORCHARD SWALLOW
Image_2685.jpg,ORCHARD SWALLOW
Image_2686.jpg,SILVER SPOT SKIPPER
Image_2687.jpg,LARGE MARBLE
Image_2688.jpg,LARGE MARBLE
Image_2689.jpg,ZEBRA LONG WING
Image_2690.jpg,LARGE MARBLE
Image_2691.jpg,SCARCE SWALLOW
Image_2692.jpg,COMMON BANDED AWL
Image_2693.jpg,PEACOCK
Image_2694.jpg,ORCHARD SWALLOW
Image_2695.jpg,GREEN CELLED CATTLEHEART
Image_2696.jpg,SCARCE SWALLOW
Image_2697.jpg,ORCHARD SWALLOW
Image_2698.jpg,ORCHARD SWALLOW
Image_2699.jpg,COMMON WOOD-NYMPH
Image_2700.jpg,BANDED ORANGE HELICONIAN
Image_2701.jpg,BANDED ORANGE HELICONIAN
Image_2702.jpg,BANDED ORANGE HELICONIAN
Image_2703.jpg,ZEBRA LONG WING
Image_2704.jpg,PEACOCK
Image_2705.jpg,VICEROY
Image_2706.jpg,ORCHARD SWALLOW
Image_2707.jpg,ORCHARD SWALLOW
Image_2708.jpg,ORCHARD SWALLOW
Image_2709.jpg,BANDED ORANGE HELICONIAN
Image_2710.jpg,GREY HAIRSTREAK
Image_2711.jpg,ORCHARD SWALLOW
Image_2712.jpg,LARGE MARBLE
Image_2713.jpg,ORANGE TIP
Image_2714.jpg,QUESTION MARK
Image_2715.jpg,ORCHARD SWALLOW
Image_2716.jpg,PEACOCK
Image_2717.jpg,IPHICLUS SISTER
Image_2718.jpg,ORCHARD SWALLOW
Image_2719.jpg,ORCHARD SWALLOW
Image_2720.jpg,SCARCE SWALLOW
Image_2721.jpg,PEACOCK
Image_2722.jpg,LARGE MARBLE
Image_2723.jpg,SCARCE SWALLOW
Image_2724.jpg,LARGE MARBLE
Image_2725.jpg,ORCHARD SWALLOW
Image_2726.jpg,BANDED ORANGE HELICONIAN
Image_2727.jpg,TROPICAL LEAFWING
Image_2728.jpg,LARGE MARBLE
Image_2729.jpg,COMMON BANDED AWL
Image_2730.jpg,ZEBRA LONG WING
Image_2731.jpg,AMERICAN SNOOT
Image_2732.jpg,LARGE MARBLE
Image_2733.jpg,GREEN CELLED CATTLEHEART
Image_2734.jpg,LARGE MARBLE
Image_2735.jpg,LARGE MARBLE
Image_2736.jpg,ADONIS
Image_2737.jpg,COMMON BANDED AWL
Image_2738.jpg,BANDED ORANGE HELICONIAN
Image_2739.jpg,ORCHARD SWALLOW
Image_2740.jpg,ADONIS
Image_2741.jpg,AMERICAN SNOOT
Image_2742.jpg,ORCHARD SWALLOW
Image_2743.jpg,GREEN CELLED CATTLEHEART
Image_2744.jpg,COMMON WOOD-NYMPH
Image_2745.jpg,VICEROY
Image_2746.jpg,MESTRA
Image_2747.jpg,PEACOCK
Image_2748.jpg,LARGE MARBLE
Image_2749.jpg,VICEROY
Image_2750.jpg,LARGE MARBLE
Image_2751.jpg,QUESTION MARK
Image_2752.jpg,VICEROY
Image_2753.jpg,ORCHARD SWALLOW
Image_2754.jpg,ORCHARD SWALLOW
Image_2755.jpg,COMMON WOOD-NYMPH
Image_2756.jpg,ORCHARD SWALLOW
Image_2757.jpg,PEACOCK
Image_2758.jpg,PEACOCK
Image_2759.jpg,AMERICAN SNOOT
Image_2760.jpg,AMERICAN SNOOT
Image_2761.jpg,LARGE MARBLE
Image_2762.jpg,LARGE MARBLE
Image_2763.jpg,COMMON WOOD-NYMPH
Image_2764.jpg,VICEROY
Image_2765.jpg,QUESTION MARK
Image_2766.jpg,ORCHARD SWALLOW
Image_2767.jpg,ORCHARD SWALLOW
Image_2768.jpg,BANDED ORANGE HELICONIAN
Image_2769.jpg,VICEROY
Image_2770.jpg,ZEBRA LONG WING
Image_2771.jpg,RED ADMIRAL
Image_2772.jpg,IPHICLUS SISTER
Image_2773.jpg,PURPLISH COPPER
Image_2774.jpg,LARGE MARBLE
Image_2775.jpg,AMERICAN SNOOT
Image_2776.jpg,VICEROY
Image_2777.jpg,ORCHARD SWALLOW
Image_2778.jpg,VICEROY
Image_2779.jpg,VICEROY
Image_2780.jpg,ORCHARD SWALLOW
Image_2781.jpg,COMMON WOOD-NYMPH
Image_2782.jpg,ADONIS
Image_2783.jpg,LARGE MARBLE
Image_2784.jpg,TROPICAL LEAFWING
Image_2785.jpg,COMMON WOOD-NYMPH
Image_2786.jpg,SCARCE SWALLOW
